x,y,OBJECTID_1,OBJECTID,SETL_CODE,MGLSDE_LOC,MGLSDE_L_1,MGLSDE_L_2,MGLSDE_L_3,MGLSDE_L_4,lat,lon
3878046.377,3744646.007,1,1,862,גני יוחנן,536,31,מושבים (כפרים שיתופיים) (ב),GANNE YOHANAN,31.6876812274173,34.8749503573193
3886583.621,3758490.615,2,2,863,גינתון,582,31,מושבים (כפרים שיתופיים) (ב),GINNATON,31.8048361011965,34.9432682212336
3887843.616,3740920.431,3,3,864,בקוע,497,31,מושבים (כפרים שיתופיים) (ב),BEQOA,31.6561549196141,34.9533469142411
3852502.984,3684333.683,4,4,865,שיבולים,297,31,מושבים (כפרים שיתופיים) (ב),SHIBBOLIM,31.1773104984584,34.6702473158631
3903203.827,3490059.528,5,5,866,יטבתה,576,33,קיבוצים,YOTVATA,29.5333373550636,35.0761260517985
3896596.019,3830502.218,6,6,868,אלוני יצחק,223,34,ישובים מוסדיים יהודים,ALLONE YIZHAQ,32.4142076401028,35.0233274450253
3887453.921,3776198.879,7,7,870,גבעת השלושה,439,33,קיבוצים,GIV'AT HASHELOSHA,31.9546857277738,34.9502298619037
3889398.896,3774192.481,8,8,871,עינת,611,33,קיבוצים,ENAT,31.9377073321839,34.9657861019161
3885231.483,3814918.857,9,9,872,גאולי תימן,311,31,מושבים (כפרים שיתופיים) (ב),GE'ULE TEMAN,32.2823392214263,34.9324512789179
3870316.499,3706271.24,10,10,873,שלווה,449,31,מושבים (כפרים שיתופיים) (ב),SHALWA,31.3629489604745,34.8130504655541
3889645.673,3797219.046,11,11,875,כפר עבודה,400,34,ישובים מוסדיים יהודים,KEFAR AVODA,32.1325611164182,34.9677596784586
3881859.499,3812828.738,12,12,877,בית חירות,616,31,מושבים (כפרים שיתופיים) (ב),BET HERUT,32.2646523614806,34.9054703661600
3889051.75,3799295.912,13,13,880,עין שריד,1150,35,ישובים כפריים יהודים אחרים,EN SARID,32.1501358282319,34.9630097597622
3878538.238,3767891.325,14,14,883,רמת פנקס,531,35,ישובים כפריים יהודים אחרים,RAMAT PINKAS,31.8843861280749,34.8788877391730
3873217.493,3616064.676,15,15,885,שדה בוקר,471,33,קיבוצים,SEDE BOQER,30.5996092919798,34.8362860256300
3906834.034,3734246.743,16,16,886,איתנים,203,34,ישובים מוסדיים יהודים,ETANIM,31.5996813051943,35.1051199288701
3873036.686,3730482.929,17,17,888,"כפר הרי""ף",531,31,מושבים (כפרים שיתופיים) (ב),KEFAR HARIF,31.5678314225431,34.8348380213942
3905895.939,3862513.826,18,18,889,כפר חסידים ב',188,35,ישובים כפריים יהודים אחרים,KEFAR HASIDIM BET,32.6850940290561,35.0976283765617
3907223.942,3861208.086,19,19,890,כפר הנוער הדתי,566,34,ישובים מוסדיים יהודים,KEFAR HANO'AR HADATI,32.6740446913102,35.1082335282039
3916485.014,3901864.118,20,20,892,עבדון,465,31,מושבים (כפרים שיתופיים) (ב),AVDON,33.0180813126070,35.1821569402204
3940552.461,3853725.664,21,21,913,שבלי - אום אל-גנם,4400,28,"2000-9999 תושבים,ישובים לא יהודים",SHIBLI-UMM AL-GHANAM,32.6107274643000,35.3739927104348
3829640.201,3664944.881,22,22,916,ישע,148,31,מושבים (כפרים שיתופיים) (ב),YESHA,31.0132399366725,34.4866506886368
3924315.365,3877517.016,23,23,917,שגב,854,37,ישובים קהילתיים,SEGEV,32.8120529767495,35.2446143160401
3890362.157,3720123.976,24,24,919,גבעת ישעיהו,329,31,מושבים (כפרים שיתופיים) (ב),GIV'AT YESHA'YAHU,31.4801726151521,34.9734894650974
3898047.475,3822638.792,25,25,921,שער מנשה,1200,34,ישובים מוסדיים יהודים,SHA'AR MENASHE,32.3476663067665,35.0349276176404
3907504.342,3862430.415,26,26,922,רכסים,7750,18,"2000-9999 תושבים,ישובים יהודים",REKHASIM,32.6843881956629,35.1104725862023
3914661.819,3836701.667,27,27,934,ביאדה,274,45,ישובים כפריים אחרים לא יהודים,        BAYADA,32.4666681828733,35.1676085358549
3914851.295,3864459.614,28,28,942,סואעד (חמרייה),0,46,שבטי בדווים,SAWA'ID(HAMRIYYE),32.7015595406937,35.1691205839425
3912592.456,3860940.84,29,29,944,בסמת טבעון,5750,28,"2000-9999 תושבים,ישובים לא יהודים",BASMAT TAB'UN,32.6717832177072,35.1510930407620
3921021.55,3858899.101,30,30,975,זרזיר,5780,28,"2000-9999 תושבים,ישובים לא יהודים",ZARZIR,32.6545057550337,35.2183469138521
3917480.883,3861797.297,31,31,978,כעביה-טבאש-חג'אג'רה,3540,28,"2000-9999 תושבים,ישובים לא יהודים",KA'ABIYYE-TABBASH-HAJAJRE,32.6790306691200,35.1901026403185
3950714.467,3872739.882,32,32,993,חמאם,1190,45,ישובים כפריים אחרים לא יהודים,HAMAM,32.7716282486224,35.4548723224326
3917640.456,3856280.236,33,33,994,מנשית זבדה,887,45,ישובים כפריים אחרים לא יהודים,MANSHIYYET ZABDA,32.6323445858851,35.1913757567372
3929908.337,3866053.83,34,34,997,רומת הייב,1500,45,ישובים כפריים אחרים לא יהודים,RUMAT HEIB,32.7150500041287,35.2891999355942
3920994.524,3866595.437,35,35,998,ביר אל-מכסור,6440,28,"2000-9999 תושבים,ישובים לא יהודים",BIR EL-MAKSUR,32.7196331568999,35.2181313584110
3912939.042,3737108.313,36,36,1015,מבשרת ציון,20800,16,"20000-49999 תושבים,ישובים יהודים",MEVASSERET ZIYYON,31.6238962813249,35.1538593358581
3887282.566,3830376.056,37,37,1020,אור עקיבא,15700,17,"10000-19999 תושבים,ישובים יהודים",OR AQIVA,32.4131400406080,34.9488592132771
3881140.31,3793193.445,38,38,1024,חרוצים,694,35,ישובים כפריים יהודים אחרים,HARUZIM,32.0984959609631,34.8997147774760
3851403.454,3701237.662,39,39,1031,שדרות,19400,17,"10000-19999 תושבים,ישובים יהודים",SEDEROT,31.3203541707385,34.6614258027781
3867941.572,3728250.311,40,40,1034,קריית מלאכי,19100,17,"10000-19999 תושבים,ישובים יהודים",QIRYAT MAL'AKHI,31.5489387172829,34.7940241802537
3892250.196,3798475.682,41,41,1044,יעף,136,35,ישובים כפריים יהודים אחרים,YE'AF,32.1431949333441,34.9885866099238
3931154.338,3906683.992,42,42,1045,שתולה,219,31,מושבים (כפרים שיתופיים) (ב),SHETULA,33.0588677179278,35.2991297918809
3832957.112,3663563.643,43,43,1046,אוהד,199,31,מושבים (כפרים שיתופיים) (ב),OHAD,31.0015517213780,34.5133086879453
3940170.009,3882830.264,44,44,1047,חזון,350,31,מושבים (כפרים שיתופיים) (ב),HAZON,32.8570143698280,35.3709473800484
3877810.157,3769477.955,45,45,1049,רמת אפעל,2780,18,"2000-9999 תושבים,ישובים יהודים",RAMAT EF'AL,31.8978123958860,34.8730593376203
3886963.7,3748772.916,46,46,1050,בית חשמונאי,838,35,ישובים כפריים יהודים אחרים,BET HASHMONAY,31.7226036639624,34.9463085881614
3832657.488,3662433,47,47,1051,תלמי אליהו,200,31,מושבים (כפרים שיתופיים) (ב),TALME ELIYYAHU,30.9919840761236,34.5109009203917
3903009.403,3499634.101,48,48,1052,קטורה,393,33,קיבוצים,QETURA,29.6143586334063,35.0745729659964
3880617.085,3665005.135,49,49,1054,תל שבע,11200,27,"10000-19999 תושבים,ישובים לא יהודים",TEL SHEVA,31.0137498126389,34.8955272383317
3936743.56,3652569.951,50,50,1057,נווה זוהר,88,35,ישובים כפריים יהודים אחרים,NEWE ZOHAR,30.9085216769344,35.3436593285259
3831562.488,3662661.974,51,51,1058,שדה ניצן,281,31,מושבים (כפרים שיתופיים) (ב),SEDE NIZZAN,30.9939216812870,34.5021010036754
3905092.725,3664571.553,52,52,1059,כסיפה,7940,28,"2000-9999 תושבים,ישובים לא יהודים",KUSEIFE,31.0100807932692,35.0912135015919
3881127.831,3674878.303,53,53,1060,לקיה,6090,28,"2000-9999 תושבים,ישובים לא יהודים",LAQYE,31.0972978495698,34.8996149032384
3932107.984,3857470.131,54,54,1061,נצרת עילית,44290,16,"20000-49999 תושבים,ישובים יהודים",NAZERAT ILLIT,32.6424136286700,35.3067290395120
3882155.339,3766628.86,55,55,1062,נווה אפרים,22000,16,"20000-49999 תושבים,ישובים יהודים",YEHUD,31.8737029828525,34.9078378360774
3927588.098,3897671.047,56,56,1063,מעלות-תרשיחא,20650,16,"20000-49999 תושבים,ישובים יהודים",MA'ALOT-TARSHIHA,32.9825990056388,35.2707062392339
3946211.337,3887093.12,57,57,1064,אמירים,458,31,מושבים (כפרים שיתופיים) (ב),AMIRIM,32.8930872111033,35.4190405621000
3869490.493,3735661.506,58,58,1066,"בני עי""ש",7570,18,"2000-9999 תושבים,ישובים יהודים",BENE AYISH,31.6116532136505,34.8064335072489
3941766.49,3902454.301,59,59,1067,"דוב""ב",411,31,מושבים (כפרים שיתופיים) (ב),DOVEV,33.0230755182759,35.3836589162946
3920671.658,3906694.363,60,60,1068,אדמית,139,33,קיבוצים,ADAMIT,33.0589554809400,35.2155561688721
3925075.145,3832810.778,61,61,1069,רם-און,526,31,מושבים (כפרים שיתופיים) (ב),RAM-ON,32.4337429811315,35.2506723270110
3897915.557,3721568.247,62,62,1070,אביעזר,492,31,מושבים (כפרים שיתופיים) (ב),AVI'EZER,31.4923942191744,35.0338733786704
3896822.943,3720472.847,63,63,1071,נווה מיכאל,419,31,מושבים (כפרים שיתופיים) (ב),NEWE MIKHA'EL,31.4831248067975,35.0251411382031
3862885.704,3737624.9,64,64,1072,גן הדרום,361,31,מושבים (כפרים שיתופיים) (ב),GAN HADAROM,31.6282677073094,34.7535072656439
3888011.415,3789770.599,65,65,1076,בית ברל,256,34,ישובים מוסדיים יהודים,BET BERL,32.0695313895334,34.9546890551985
3889858.518,3718817.648,66,66,1079,צפרירים,283,31,מושבים (כפרים שיתופיים) (ב),ZAFRIRIM,31.4691182941606,34.9694618578787
3857672.201,3691226.274,67,67,1080,מבועים,964,35,ישובים כפריים יהודים אחרים,MABBU'IM,31.2356364998516,34.7117088831611
3928879.068,3905191.922,68,68,1081,אבן מנחם,309,31,מושבים (כפרים שיתופיים) (ב),EVEN MENAHEM,33.0462416306297,35.2809965022119
3851508.3,3684382.458,69,69,1082,מעגלים,1370,35,ישובים כפריים יהודים אחרים,MA'GALIM,31.1777232461838,34.6622670149952
3845053.305,3689206.007,70,70,1083,תושייה,719,35,ישובים כפריים יהודים אחרים,TUSHIYYA,31.2185407382006,34.6104625721460
3888141.633,3758031.589,71,71,1084,בן שמן (כפר נוער),638,34,ישובים מוסדיים יהודים,BEN SHEMEN(K.NO'AR),31.8009517653000,34.9557305906550
3816532.327,3662371.134,72,72,1085,כרם שלום,0,33,קיבוצים,KEREM SHALOM,30.9914605584407,34.3812298786727
3865194.315,3739632.666,73,73,1094,כרם יבנה (ישיבה),354,34,ישובים מוסדיים יהודים,KEREM YAVNE(YESHIVA),31.6452576875760,34.7720102633046
3937572.014,3854160.537,74,74,489,דבורייה,7690,28,"2000-9999 תושבים,ישובים לא יהודים",DABURIYYA,32.6144074135057,35.3502578272018
3925791.613,3887008.384,75,75,490,דיר אל-אסד,8290,28,"2000-9999 תושבים,ישובים לא יהודים",DEIR AL-ASAD,32.8923701615049,35.2563846366259
3937132.285,3877108.853,76,76,492,דייר חנא,7810,28,"2000-9999 תושבים,ישובים לא יהודים",DEIR HANNA,32.8085990484066,35.3467555189885
3890311.09,3733979.54,77,77,493,דייר ראפאת,50,44,ישובים מוסדיים לא יהודים,DEIR RAFAT,31.5974201943832,34.9730810862095
3902065.926,3854669.18,78,78,494,עיר כרמל,13300,27,"10000-19999 תושבים,ישובים לא יהודים",IR KARMEL,32.6187116161150,35.0670359654874
3934552.358,3897503.152,79,79,496,חורפיש,4880,28,"2000-9999 תושבים,ישובים לא יהודים",HURFEISH,32.9811782547429,35.3262044944500
3945701.562,3842829.925,80,80,497,טייבה (בעמק),1400,45,ישובים כפריים אחרים לא יהודים,TAYIBE(BAEMEQ),32.5185263057031,35.4149833689549
3937940.08,3865774.042,81,81,498,טורעאן,10300,27,"10000-19999 תושבים,ישובים לא יהודים",TUR'AN,32.7126823995475,35.3531892681826
3926871.783,3853458.694,82,82,499,יפיע,15400,27,"10000-19999 תושבים,ישובים לא יהודים",YAFI,32.6084683235906,35.2649960292082
3918687.382,3889252.602,83,83,502,ירכא,11600,27,"10000-19999 תושבים,ישובים לא יהודים",YIRKA,32.9113610289581,35.1997279719271
3919249.336,3878351.623,84,84,504,כאבול,8710,28,"2000-9999 תושבים,ישובים לא יהודים",KABUL,32.8191155258249,35.2042108492584
3923829.271,3872838.343,85,85,505,כאוכב אבו אל-היג'א,2580,28,"2000-9999 תושבים,ישובים לא יהודים",KAOKAB ABU AL-HIJA,32.7724614379658,35.2407383025600
3945162.09,3858400.582,86,86,508,כפר כמא,2710,28,"2000-9999 תושבים,ישובים לא יהודים",KAFAR KAMA,32.6502872244428,35.4106896280534
3934222.484,3861822.355,87,87,509,כפר כנא,16100,27,"10000-19999 תושבים,ישובים לא יהודים",KAFAR KANNA,32.6792427149055,35.3235764780925
3925514.492,3869903.973,88,88,510,כפר מנדא,13800,27,"10000-19999 תושבים,ישובים לא יהודים",KAFAR MANDA,32.7476304155400,35.2541752285225
3925336.376,3857954.936,89,89,511,עילוט,6030,28,"2000-9999 תושבים,ישובים לא יהודים",ILUT,32.6465161147272,35.2527551346138
3943245.123,3848347.735,90,90,512,כפר מצר,2080,28,"2000-9999 תושבים,ישובים לא יהודים",KAFAR MISR,32.5652187313923,35.3954305630869
3908833.758,3735820.255,91,91,514,עין ראפה,688,45,ישובים כפריים אחרים לא יהודים,EIN RAFA,31.6129965625564,35.1210875526190
3924543.001,3884777.768,92,92,516,שגור,11400,27,"10000-19999 תושבים,ישובים לא יהודים",SHAGHOR,32.8734944000228,35.2464293858298
3907158.388,3893230.502,93,93,517,מזרעה,3230,28,"2000-9999 תושבים,ישובים לא יהודים",MAZRA'A,32.9450225365698,35.1077100511299
3924817.603,3898896.317,94,94,518,מעיליא,2550,28,"2000-9999 תושבים,ישובים לא יהודים",MI'ELYA,32.9929674025393,35.2486188919264
3932025.661,3860996.835,95,95,520,משהד,6390,28,"2000-9999 תושבים,ישובים לא יהודים",MESHHED,32.6722570572623,35.3060730677888
3931643.622,3886657.151,96,96,522,נחף,9220,28,"2000-9999 תושבים,ישובים לא יהודים",NAHEF,32.8893979867808,35.3030287925273
3935035.82,3846406.218,97,97,523,ניין,1500,45,ישובים כפריים אחרים לא יהודים,NEIN,32.5487893620409,35.3300559744486
3939892.751,3843762.437,98,98,524,נאעורה,1560,45,ישובים כפריים אחרים לא יהודים,NA'URA,32.5264173412335,35.3687396158000
3934550.16,3887505.918,99,99,525,סאג'ור,3330,28,"2000-9999 תושבים,ישובים לא יהודים",SAJUR,32.8965803602071,35.3261869837311
3933439.409,3843206.701,100,100,526,סולם,2240,28,"2000-9999 תושבים,ישובים לא יהודים",SULAM,32.5217146299876,35.3173376277920
3935411.813,3886341.422,101,101,527,שזור,359,31,מושבים (כפרים שיתופיים) (ב),SHEZOR,32.8867262436221,35.3330511946473
3932319.596,3867485.058,102,102,528,עוזייר,2310,28,"2000-9999 תושבים,ישובים לא יהודים",UZEIR,32.7271612434197,35.3084152117224
3916850.334,3872319.733,103,103,529,אעבלין,10000,27,"10000-19999 תושבים,ישובים לא יהודים",I'BILLIN,32.7680728906082,35.1850717823353
3941035.112,3873456.946,104,104,530,עיילבון,4040,28,"2000-9999 תושבים,ישובים לא יהודים",EILABUN,32.7776961314863,35.3778357457289
3933895.353,3875560.1,105,105,531,עראבה,17900,27,"10000-19999 תושבים,ישובים לא יהודים",ARRABE,32.7954933003164,35.3209702419300
3930711.578,3901685.552,106,106,535,פסוטה,2860,28,"2000-9999 תושבים,ישובים לא יהודים",FASSUTA,33.0165702699415,35.2956013893930
3932402,3892463.04,107,107,536,פקיעין (בוקייעה),4760,28,"2000-9999 תושבים,ישובים לא יהודים",PEQI'IN (BUQEI'A),32.9385281708606,35.3090718223002
3890933.127,3842058.973,108,108,537,פוריידיס,9350,28,"2000-9999 תושבים,ישובים לא יהודים",FUREIDIS,32.5120024049440,34.9780553102680
3922306.801,3880840.68,109,109,538,שעב,5450,28,"2000-9999 תושבים,ישובים לא יהודים",SHA'AB,32.8401782513515,35.2285973688395
3930762.039,3867190.572,110,110,539,רומאנה,819,45,ישובים כפריים אחרים לא יהודים,RUMMANE,32.7246692660288,35.2960035310164
3950484.894,3901767.065,111,111,540,ריחאנייה,947,45,ישובים כפריים אחרים לא יהודים,REIHANIYYE,33.0172600418712,35.4530459250777
3886331.587,3833972.626,112,112,541,ג'סר א-זרקא,10200,27,"10000-19999 תושבים,ישובים לא יהודים",JISR AZ-ZARQA,32.4435746878823,34.9412520724721
3930535.71,3858397.341,113,113,542,ריינה,14400,27,"10000-19999 תושבים,ישובים לא יהודים",REINE,32.6502598041430,35.2941998470832
3937012.988,3887114.315,114,114,543,ראמה,7280,28,"2000-9999 תושבים,ישובים לא יהודים",RAME,32.8932665668459,35.3458053347259
3940643.781,3887388.253,115,115,546,עין אל-אסד,751,45,ישובים כפריים אחרים לא יהודים,EIN AL-ASAD,32.8955846660454,35.3747198448044
3885063.568,3805380.019,116,116,549,גנות הדר,233,35,ישובים כפריים יהודים אחרים,GANNOT HADAR,32.2016203267221,34.9311078821000
3868923.201,3720279.984,117,117,553,ניר בנים,540,31,מושבים (כפרים שיתופיים) (ב),NIR BANIM,31.4814927695361,34.8018887863653
3867436.719,3741317.014,118,118,555,שדמה,396,31,מושבים (כפרים שיתופיים) (ב),SHEDEMA,31.6595108568047,34.7899791526856
3905386.107,3888724.217,119,119,559,בוסתן הגליל,440,31,מושבים (כפרים שיתופיים) (ב),BUSTAN HAGALIL,32.9068897684594,35.0935566506326
3874280.46,3742910.46,120,120,562,בית אלעזרי,858,31,מושבים (כפרים שיתופיים) (ב),BET EL'AZARI,31.6729948008821,34.8447984515786
3885201.11,3740079.474,121,121,563,משמר דוד,242,33,קיבוצים,MISHMAR DAWID,31.6490386270439,34.9322082808243
3875751.209,3733426.301,122,122,564,רבדים,296,33,קיבוצים,REVADIM,31.5927386169355,34.8565751879790
3874801.732,3766307.319,123,123,565,אזור,9670,18,"2000-9999 תושבים,ישובים יהודים",AZOR,31.8709820680453,34.8489726010420
3890783.646,3733840.958,124,124,566,גבעת שמש,74,34,ישובים מוסדיים יהודים,GIV'AT SHEMESH,31.5962474977644,34.9768599889404
3892807.599,3732079.53,125,125,567,צרעה,701,33,קיבוצים,ZOR'A,31.5813420653338,34.9930432455519
3925341.951,3897592.087,126,126,570,מעונה,500,31,מושבים (כפרים שיתופיים) (ב),ME'ONA,32.9819308332498,35.2527995849638
3912332.612,3891428.025,127,127,572,בית העמק,444,33,קיבוצים,BET HAEMEQ,32.9297697402610,35.1490190292300
3848792.735,3713711.871,128,128,573,מבקיעים,229,32,מושבים שיתופיים,MAVQI'IM,31.4259125422800,34.6404767422109
3908439.784,3900759.94,129,129,574,גשר הזיו,491,33,קיבוצים,GESHER HAZIW,33.0087376159605,35.1179419222263
3914717.417,3882138.195,130,130,575,יסעור,269,33,קיבוצים,YAS'UR,32.8511579922072,35.1680522181004
3912517.136,3898012.955,131,131,576,כברי,728,33,קיבוצים,KABRI,32.9854922727112,35.1504918650301
3876375.013,3736789.212,132,132,577,יד בנימין,397,35,ישובים כפריים יהודים אחרים,YAD BINYAMIN,31.6211960062535,34.8615697272006
3944576.408,3903411.645,133,133,578,סאסא,371,33,קיבוצים,SASA,33.0311766922200,35.4060278621418
3908961.936,3906730.082,134,134,579,כפר ראש הנקרה,491,33,קיבוצים,KEFAR ROSH HANIQRA,33.0592577339483,35.1221109508857
3895080.056,3848446.058,135,135,580,"כרם מהר""ל",373,31,מושבים (כפרים שיתופיים) (ב),KEREM MAHARAL,32.5660507457947,35.0112101826033
3868243.125,3748484.618,136,136,582,כפר הנגיד,892,31,מושבים (כפרים שיתופיים) (ב),KEFAR HANAGID,31.7201640505212,34.7964402339555
3946572.484,3867065.324,137,137,585,לביא,640,33,קיבוצים,LAVI,32.7236093963001,35.4219147474400
3916421.921,3839626.444,138,138,586,מגידו,310,33,קיבוצים,MEGIDDO,32.4914180291931,35.1816535173613
3882598.936,3769438.416,139,139,587,סביון,2470,18,"2000-9999 תושבים,ישובים יהודים",SAVYON,31.8974778180327,34.9113876323915
3872906.982,3733153.358,140,140,588,בני ראם,822,31,מושבים (כפרים שיתופיים) (ב),BENE RE'EM,31.5904289385450,34.8337992586481
3911146.961,3904684.86,141,141,589,בצת,318,31,מושבים (כפרים שיתופיים) (ב),BEZET,33.0419507983800,35.1395548785284
3957724.804,3840737.996,142,142,590,נווה אור,393,33,קיבוצים,NEWE UR,32.5008241305995,35.5106263936286
3868049.972,3740309.568,143,143,591,עשרת,1080,35,ישובים כפריים יהודים אחרים,ASERET,31.6509857147959,34.7948926896354
3870817.7,3728469.843,144,144,593,ערוגות,688,31,מושבים (כפרים שיתופיים) (ב),ARUGOT,31.5507964249961,34.8170652538957
3880145.839,3763731.102,145,145,594,צפרייה,623,31,מושבים (כפרים שיתופיים) (ב),ZAFRIYYA,31.8491817802709,34.8917555534044
3907088.715,3890289.787,146,146,595,לוחמי הגיטאות,480,33,קיבוצים,LOHAME HAGETA'OT,32.9201378247686,35.1071536847626
3953059.504,3908303.922,147,147,596,מלכייה,305,33,קיבוצים,MALKIYYA,33.0725757747765,35.4735264474755
3863603.2,3754381.504,148,148,597,פלמחים,436,33,קיבוצים,PALMAHIM,31.7700642684107,34.7592582205248
3869602.988,3690840.586,149,149,598,בית קמה,216,33,קיבוצים,BET QAMA,31.2323727597326,34.8073347138073
3944468.791,3885671.998,150,150,599,פרוד,265,33,קיבוצים,PAROD,32.8810614929921,35.4051712516791
3828960.452,3676278.409,151,151,602,נירים,365,33,קיבוצים,NIRIM,31.1091457260329,34.4811866260719
3932216.69,3899725.912,152,152,603,אלקוש,334,31,מושבים (כפרים שיתופיים) (ב),ELQOSH,32.9999875356255,35.3075952418403
3888889.88,3762756.551,153,153,604,בית עריף,618,31,מושבים (כפרים שיתופיים) (ב),BET ARIF,31.8409350063458,34.9617151566649
3947063.146,3889554.497,154,154,605,כפר שמאי,308,31,מושבים (כפרים שיתופיים) (ב),KEFAR SHAMMAY,32.9139157002191,35.4258195457400
3887861.333,3770161.539,155,155,606,מזור,883,31,מושבים (כפרים שיתופיים) (ב),MAZOR,31.9035969723656,34.9534886303264
3945502.612,3894052.149,156,156,607,מירון,805,31,מושבים (כפרים שיתופיים) (ב),MERON,32.9519754231171,35.4133999182955
3945104.189,3896595.242,157,157,609,כפר חושן,579,31,מושבים (כפרים שיתופיים) (ב),KEFAR HOSHEN,32.9734954062266,35.4102287709135
3878934.138,3748976.04,158,158,610,סתרייה,844,31,מושבים (כפרים שיתופיים) (ב),SITRIYYA,31.7243225313938,34.8820568246236
3890372.458,3848779.45,159,159,612,צרופה,707,31,מושבים (כפרים שיתופיים) (ב),ZERUFA,32.5688719588085,34.9735718438192
3927186.736,3861820.758,160,160,613,ציפורי,456,31,מושבים (כפרים שיתופיים) (ב),ZIPPORI,32.6792292020903,35.2675067630165
3927912.861,3906543.936,161,161,614,שומרה,310,31,מושבים (כפרים שיתופיים) (ב),SHOMERA,33.0576825450888,35.2732950122763
3873463.24,3739107.023,162,162,615,קדרון,941,31,מושבים (כפרים שיתופיים) (ב),QIDRON,31.6408096234943,34.8382540798962
3888173.453,3769140.085,163,163,616,רינתיה,740,31,מושבים (כפרים שיתופיים) (ב),RINNATYA,31.8949532953200,34.9559851004454
3899442.32,3825846.566,164,164,617,ברקאי,327,33,קיבוצים,BARQAY,32.3748109113578,35.0460739998115
3888769.614,3759159.269,165,165,618,חדיד,555,31,מושבים (כפרים שיתופיים) (ב),HADID,31.8104943324549,34.9607532799934
3945916.175,3898298.58,166,166,487,ג'ש (גוש חלב),2560,28,"2000-9999 תושבים,ישובים לא יהודים",JISH(GUSH HALAV),32.9879092667595,35.4166914485313
3914243.004,3889119.482,167,167,507,כפר יאסיף,7820,28,"2000-9999 תושבים,ישובים לא יהודים",KAFAR YASIF,32.9102345464355,35.1642662234480
3909726.194,3736348.573,168,168,521,עין נקובא,1650,45,ישובים כפריים אחרים לא יהודים,EIN NAQQUBA,31.6174672615348,35.1282126962485
3935439.463,3858468.216,169,169,532,עין מאהל,9840,28,"2000-9999 תושבים,ישובים לא יהודים",EIN MAHEL,32.6508595545494,35.3332714590338
3941167.512,3846899.217,170,170,547,טמרה (יזרעאל),1160,45,ישובים כפריים אחרים לא יהודים,TAMRA (YIZRE'EL),32.5529611836754,35.3788899262613
3869612.732,3744590.721,171,171,571,בית גמליאל,702,31,מושבים (כפרים שיתופיים) (ב),BET GAMLI'EL,31.6872133854775,34.8074127702486
3842941.746,3712014.958,172,172,584,זיקים,344,33,קיבוצים,ZIQIM,31.4115530496638,34.5935101532581
3861968.154,3739766.107,173,173,592,בני דרום,300,32,מושבים שיתופיים,BENE DAROM,31.6463868768570,34.7461523037600
3884579.804,3712520.518,174,174,619,בית גוברין,231,33,קיבוצים,BET GUVRIN,31.4158311601129,34.9272374737114
3861793.087,3724370.925,175,175,620,משואות יצחק,548,32,מושבים שיתופיים,MASSU'OT YIZHAQ,31.5161108471725,34.7447489220583
3864858.023,3723390.259,176,176,622,עין צורים,527,33,קיבוצים,EN ZURIM,31.5078123230673,34.7693151839227
3891179.037,3783108.127,177,177,627,ג'לג'וליה,6860,28,"2000-9999 תושבים,ישובים לא יהודים",JALJULYE,32.0131526840350,34.9800217016599
3900396.466,3815820.118,178,178,628,גת,8650,28,"2000-9999 תושבים,ישובים לא יהודים",JATT,32.2899658085485,35.0536979374249
3892943.363,3780528.761,179,179,633,כפר ברא,2310,28,"2000-9999 תושבים,ישובים לא יהודים",KAFAR BARA,31.9913257587389,34.9941287017427
3893508.845,3778351.557,180,180,634,כפר קאסם,15700,27,"10000-19999 תושבים,ישובים לא יהודים",KAFAR QASEM,31.9729019756431,34.9986496643254
3929183.027,3830993.252,181,181,635,מוקייבלה,2810,28,"2000-9999 תושבים,ישובים לא יהודים",MUQEIBLE,32.4183628403516,35.2834191772076
3932080.834,3832139.404,182,182,636,צנדלה,1330,45,ישובים כפריים אחרים לא יהודים,SANDALA,32.4280617280753,35.3065127013633
3906398.983,3829234.411,183,183,637,ערערה,14500,27,"10000-19999 תושבים,ישובים לא יהודים",AR'ARA,32.4034792970949,35.1016457227921
3906532.737,3825599.002,184,184,639,ברטעה,2210,28,"2000-9999 תושבים,ישובים לא יהודים",BARTAA,32.3727159908187,35.1027138604871
3916839.92,3835624.628,185,185,640,זלפה,2740,28,"2000-9999 תושבים,ישובים לא יהודים",        ZALAFE,32.4575541477600,35.1849886934172
3913453.201,3834967.974,186,186,642,מוצמוץ,2650,28,"2000-9999 תושבים,ישובים לא יהודים",        MUSMUS,32.4519974509162,35.1579629658200
3907772.976,3833288.958,187,187,643,מועאוויה,2030,28,"2000-9999 תושבים,ישובים לא יהודים",        MU'AWIYE,32.4377893957800,35.1126176412831
3918295.811,3834842.055,188,188,644,סאלם,825,45,ישובים כפריים אחרים לא יהודים,        SALEM,32.4509319081023,35.1966041617475
3913619.187,3836215.626,189,189,645,מושיירפה,2160,28,"2000-9999 תושבים,ישובים לא יהודים",        MUSHEIRFE,32.4625552423943,35.1592877034762
3901533.793,3821250.655,190,190,648,מצר,370,33,קיבוצים,MEZER,32.3359197111906,35.0627847363299
3900921.057,3821801.234,191,191,649,מייסר,1480,45,ישובים כפריים אחרים לא יהודים,MEISER,32.3405787840484,35.0578893220825
3908704.306,3863771.137,192,192,652,אבטין,1990,45,ישובים כפריים אחרים לא יהודים,IBTIN,32.6957335632496,35.1200539737905
3901800.206,3829764.748,193,193,654,כפר קרע,13100,27,"10000-19999 תושבים,ישובים לא יהודים",KAFAR QARA,32.4079670783461,35.0649131413173
3912657.093,3894506.126,194,194,658,שייח' דנון,2150,28,"2000-9999 תושבים,ישובים לא יהודים",SHEIKH DANNUN,32.9558170334956,35.1516089521590
3895953.199,3801369.631,195,195,661,שער אפרים,932,31,מושבים (כפרים שיתופיים) (ב),SHA'AR EFRAYIM,32.1676839091507,35.0181895029565
3929512.034,3895032.877,196,196,662,חוסן,541,31,מושבים (כפרים שיתופיים) (ב),HOSEN,32.9602744654884,35.2860414237825
3888763.244,3765046.827,197,197,663,טירת יהודה,666,31,מושבים (כפרים שיתופיים) (ב),TIRAT YEHUDA,31.8603156187389,34.9607023322885
3948616.705,3899815.932,198,198,664,כרם בן זמרה,396,31,מושבים (כפרים שיתופיים) (ב),KEREM BEN ZIMRA,33.0007492992155,35.4381820006908
3849474.411,3691523.103,199,199,665,תקומה,421,31,מושבים (כפרים שיתופיים) (ב),TEQUMA,31.2381483050930,34.6459471250185
3879029.441,3667669.594,200,200,666,עומר,5840,18,"2000-9999 תושבים,ישובים יהודים",OMER,31.0362968125690,34.8828196885970
3939929.881,3898198,201,201,667,ברעם,488,33,קיבוצים,BAR'AM,32.9870581480021,35.3690352764421
3847550.252,3697957.107,202,202,668,מפלסים,424,33,קיבוצים,MEFALLESIM,31.2925936824701,34.6305051269351
3890034.004,3746490.403,203,203,670,משמר איילון,396,31,מושבים (כפרים שיתופיים) (ב),MISHMAR AYYALON,31.7032887457787,34.9708652353718
3910237.732,3737641.204,204,204,672,בית נקופה,394,31,מושבים (כפרים שיתופיים) (ב),BET NEQOFA,31.6284056757174,35.1322965376300
3908553.018,3903365.602,205,205,674,לימן,539,31,מושבים (כפרים שיתופיים) (ב),LIMAN,33.0307870673358,35.1188460390400
3888744.623,3847727.53,206,206,675,הבונים,249,32,מושבים שיתופיים,HABONIM,32.5599704706283,34.9605533998175
3829555.967,3678484.621,207,207,676,עין השלושה,340,33,קיבוצים,EN HASHELOSHA,31.1278149831443,34.4859736016441
3922627.28,3862427.03,208,208,677,הסוללים,557,33,קיבוצים,HASOLELIM,32.6843595542906,35.2311531592908
3963050.978,3856377.918,209,209,678,מעגן,339,33,קיבוצים,MA'AGAN,32.6331711775372,35.5529635217172
3895412.907,3833310.988,210,210,679,אביאל,366,31,מושבים (כפרים שיתופיים) (ב),AVI'EL,32.4379758171701,35.0138708369700
3895624.617,3811954.008,211,211,680,אומץ,380,31,מושבים (כפרים שיתופיים) (ב),OMEZ,32.2572502821600,35.0155631003476
3879831.75,3773449.483,212,212,681,גבעת שמואל,15200,17,"10000-19999 תושבים,ישובים יהודים",GIV'AT SHEMU'EL,31.9314199868689,34.8892416097975
3903687.009,3846571.126,213,213,682,אליקים,569,35,ישובים כפריים יהודים אחרים,ELYAQIM,32.5501848329309,35.0799856628769
3891451.189,3850668.188,214,214,683,גבע כרמל,635,31,מושבים (כפרים שיתופיים) (ב),GEVA  KARMEL,32.5848546993075,34.9821978838921
3868596.409,3742701.369,215,215,685,בניה,679,31,מושבים (כפרים שיתופיים) (ב),BENAYA,31.6712254498690,34.7992706729898
3889462.082,3785871.936,216,216,686,נווה ימין,946,31,מושבים (כפרים שיתופיים) (ב),NEWE YAMIN,32.0365403980800,34.9662914244743
3890346.055,3846219.654,217,217,687,עין איילה,586,31,מושבים (כפרים שיתופיים) (ב),EN AYYALA,32.5472106368400,34.9733606964256
3951835.44,3902189.422,218,218,688,עלמה,732,31,מושבים (כפרים שיתופיים) (ב),ALMA,33.0208340793224,35.4637898257086
3891605.702,3859384.337,219,219,689,מגדים,707,31,מושבים (כפרים שיתופיים) (ב),MEGADIM,32.6586118925077,34.9834333726997
3869072.295,3729808.428,220,220,690,כפר אחים,390,31,מושבים (כפרים שיתופיים) (ב),KEFAR AHIM,31.5621237074637,34.8030832345211
3866039.926,3723577.524,221,221,692,שפיר,346,31,מושבים (כפרים שיתופיים) (ב),SHAFIR,31.5093969876774,34.7787867348233
3894169.3,3722445.404,222,222,693,"נתיב הל""ה",420,33,קיבוצים,NETIV HALAMED-HE,31.4998168403417,35.0039296619171
3886789.398,3836560.95,223,223,694,מעגן מיכאל,1290,33,קיבוצים,MA'AGAN MIKHA'EL,32.4654774215681,34.9449143077156
3832627.751,3671547.317,224,224,695,מגן,437,33,קיבוצים,MAGEN,31.0691106109938,34.5106619445644
3879484.629,3762010.481,225,225,696,"כפר חב""ד",4220,18,"2000-9999 תושבים,ישובים יהודים",KEFAR HABAD,31.8346216646046,34.8864631983700
3894519.814,3805590.275,226,226,697,בארותיים,508,31,מושבים (כפרים שיתופיים) (ב),BE'EROTAYIM,32.2033995409333,35.0067317161015
3892006.988,3805999.359,227,227,698,בורגתה,857,31,מושבים (כפרים שיתופיים) (ב),BURGETA,32.2068612663601,34.9866420041930
3855674.083,3722355.741,228,228,699,ניר ישראל,604,31,מושבים (כפרים שיתופיים) (ב),NIR YISRA'EL,31.4990580997790,34.6956844088203
3870577.697,3734552.838,229,229,700,חצב,867,31,מושבים (כפרים שיתופיים) (ב),HAZAV,31.6022715230404,34.8151427689586
3950033.513,3870448.511,230,230,701,ארבל,339,31,מושבים (כפרים שיתופיים) (ב),ARBEL,32.7522383700224,35.4494548093824
3965409.403,3858880.714,231,231,702,האון,191,33,קיבוצים,HAON,32.6543501617792,35.5717041315205
3918269.366,3836439.375,232,232,703,גבעת עוז,336,33,קיבוצים,GIV'AT OZ,32.4644486342874,35.1963931919088
3890444.335,3771341.638,233,233,705,נחשונים,290,33,קיבוצים,NAHSHONIM,31.9135831228478,34.9741466264654
3852044.599,3714577.701,234,234,706,גיאה,493,31,מושבים (כפרים שיתופיים) (ב),GE'A,31.4332393152047,34.6665698003549
3888616.468,3754484.549,235,235,707,כפר דניאל,274,32,מושבים שיתופיים,KEFAR DANIYYEL,31.7709362507480,34.9595284192802
3914276.342,3892514.199,236,236,708,עמקה,523,31,מושבים (כפרים שיתופיים) (ב),AMQA,32.9389610885695,35.1645322775953
3860225.616,3675114.426,237,237,709,תפרח,1190,31,מושבים (כפרים שיתופיים) (ב),TIFRAH,31.0992959486302,34.7321827646294
3914203.658,3734777.851,238,238,710,בית זית,1110,31,מושבים (כפרים שיתופיים) (ב),BET ZAYIT,31.6041756059648,35.1639522229932
3886186.568,3748796.094,239,239,711,עזריה,731,31,מושבים (כפרים שיתופיים) (ב),AZARYA,31.7227997995498,34.9400919746602
3909950.674,3896080.836,240,240,712,בן עמי,403,31,מושבים (כפרים שיתופיים) (ב),BEN AMMI,32.9691424338899,35.1300048460338
3836117.316,3682924.75,241,241,713,רעים,334,33,קיבוצים,RE'IM,31.1653879303909,34.5387003022429
3847953.256,3705696.939,242,242,714,ארז,330,33,קיבוצים,EREZ,31.3580891522420,34.6337395688907
3897250.41,3815273.325,243,243,715,להבות חביבה,265,33,קיבוצים,LAHAVOT HAVIVA,32.2853387722200,35.0285575784864
3893827.037,3791042.097,244,244,716,אייל,385,33,קיבוצים,EYAL,32.0802909700244,35.0011934796187
3890308.967,3781423.694,245,245,717,חגור,588,31,מושבים (כפרים שיתופיים) (ב),HAGOR,31.9988987918300,34.9730641118721
3892712.805,3783439.81,246,246,718,ירחיב,682,31,מושבים (כפרים שיתופיים) (ב),YARHIV,32.0159594313600,34.9922853535560
3964941.116,3856247.273,247,247,719,תל קציר,225,33,קיבוצים,TEL QAZIR,32.6320656447882,35.5679833182326
3860545.471,3740064.472,248,248,720,ניר גלים,547,32,מושבים שיתופיים,NIR GALLIM,31.6489116783232,34.7347471281554
3943366.337,3861734.748,249,249,721,שדה אילן,369,31,מושבים (כפרים שיתופיים) (ב),SEDE ILAN,32.6785013723530,35.3963955021230
3884902.057,3769453.19,250,250,722,מגשימים,679,31,מושבים (כפרים שיתופיים) (ב),MAGSHIMIM,31.8976028321480,34.9298157207091
3852409.454,3688038.85,251,251,723,בית הגדי,619,31,מושבים (כפרים שיתופיים) (ב),BET HAGADDI,31.2086641090687,34.6694969560011
3856289.753,3720797.753,252,252,726,הודייה,556,31,מושבים (כפרים שיתופיים) (ב),HODIYYA,31.4858741993593,34.7006222336990
3869700.64,3731057.248,253,253,727,תלמי יחיאל,562,31,מושבים (כפרים שיתופיים) (ב),TALME YEHI'EL,31.5726913830352,34.8081169958948
3876624.32,3764574.215,254,254,729,משמר השבעה,703,31,מושבים (כפרים שיתופיים) (ב),MISHMAR HASHIV'A,31.8563163106719,34.8635657539623
3957651.37,3888261.429,255,255,730,אליפלט,460,31,מושבים (כפרים שיתופיים) (ב),ELIFELET,32.9029735915446,35.5100425355829
3868799.028,3739504.662,256,256,731,מישר,457,31,מושבים (כפרים שיתופיים) (ב),MESHAR,31.6441744975133,34.8008939734060
3962959.502,3895949.612,257,257,732,משמר הירדן,364,31,מושבים (כפרים שיתופיים) (ב),MISHMAR HAYARDEN,32.9680319944047,35.5522365592111
3895574.419,3809282.013,258,258,734,גן יאשיה,509,31,מושבים (כפרים שיתופיים) (ב),GAN YOSHIYYA,32.2346395067597,35.0151618539083
3879715.339,3746694.78,259,259,735,רמות מאיר,456,31,מושבים (כפרים שיתופיים) (ב),RAMOT ME'IR,31.7050182139191,34.8883098504353
3857603.18,3675280.587,260,260,736,גילת,790,31,מושבים (כפרים שיתופיים) (ב),GILAT,31.1007020299253,34.7111553915577
3894660.625,3807040.276,261,261,737,עולש,709,31,מושבים (כפרים שיתופיים) (ב),OLESH,32.2156696450179,35.0078573463014
3887922.821,3843283.283,262,262,738,דור,321,31,מושבים (כפרים שיתופיים) (ב),DOR,32.5223626729465,34.9539804417128
3860169.479,3731518.601,263,263,739,שדה עוזיהו,1190,31,מושבים (כפרים שיתופיים) (ב),SEDE UZZIYYAHU,31.5765954097501,34.7317326902702
3897152.399,3734668.51,264,264,740,אשתאול,702,31,מושבים (כפרים שיתופיים) (ב),ESHTA'OL,31.6032503482965,35.0277742593188
3904862.927,3736838.907,265,265,741,שואבה,399,31,מושבים (כפרים שיתופיים) (ב),SHO'EVA,31.6216165308926,35.0893781327300
3897425.957,3737413.327,266,266,742,מסילת ציון,585,31,מושבים (כפרים שיתופיים) (ב),MESILLAT ZIYYON,31.6264773418800,35.0299605630240
3888652.353,3748878.253,267,267,743,כפר שמואל,510,31,מושבים (כפרים שיתופיים) (ב),KEFAR SHEMU'EL,31.7234950417270,34.9598154266890
3853587.322,3712977.463,268,268,744,תלמי יפה,129,32,מושבים שיתופיים,TALME YAFE,31.4196978875408,34.6789461415229
3946793.546,3905575.302,269,269,623,יראון,354,33,קיבוצים,YIR'ON,33.0494858405971,35.4236740276749
3893863.954,3800731.123,270,270,638,קלנסווה,15500,27,"10000-19999 תושבים,ישובים לא יהודים",QALANSAWE,32.1622807659343,35.0014886142433
3909189.69,3827872.689,271,271,657,עין א-סהלה,981,45,ישובים כפריים אחרים לא יהודים,        EIN AS-SAHLE,32.3919562275278,35.1239293569583
3887704.079,3760749.156,272,272,673,כפר טרומן,483,31,מושבים (כפרים שיתופיים) (ב),KEFAR TRUMAN,31.8239481653171,34.9522308155877
3919130.828,3843898.692,273,273,684,היוגב,545,31,מושבים (כפרים שיתופיים) (ב),HAYOGEV,32.5275703485143,35.2032654889437
3889595.257,3753895.376,274,274,745,גמזו,658,31,מושבים (כפרים שיתופיים) (ב),GIMZO,31.7659505909290,34.9673564813020
3854520.651,3720030.146,275,275,746,ברכיה,841,31,מושבים (כפרים שיתופיים) (ב),BEREKHYA,31.4793786153936,34.6864328962286
3852604.663,3715878.535,276,276,747,בית שקמה,634,31,מושבים (כפרים שיתופיים) (ב),BET SHIQMA,31.4442471361368,34.6710630455345
3850413.616,3674819.632,277,277,748,מסלול,334,31,מושבים (כפרים שיתופיים) (ב),MASLUL,31.0968013695535,34.6534836372062
3847136.155,3675274.95,278,278,749,פטיש,667,31,מושבים (כפרים שיתופיים) (ב),PATTISH,31.1006543235789,34.6271815333073
3852973.229,3675283.035,279,279,750,פדויים,313,31,מושבים (כפרים שיתופיים) (ב),PEDUYIM,31.1007227383103,34.6740198377684
3900280.444,3736326.241,280,280,751,בית מאיר,527,31,מושבים (כפרים שיתופיים) (ב),BET ME'IR,31.6172782877916,35.0527709190503
3893351.558,3737206.95,281,281,752,תעוז,429,31,מושבים (כפרים שיתופיים) (ב),TA'OZ,31.6247309605007,34.9973922001316
3890606.578,3803689.828,282,282,753,ינוב,692,31,מושבים (כפרים שיתופיים) (ב),YANUV,32.1873177120452,34.9754440380421
3857831.478,3728786.351,283,283,756,בית עזרא,868,31,מושבים (כפרים שיתופיים) (ב),BET EZRA,31.5534747580849,34.7129861317201
3882221.901,3750955.787,284,284,757,מצליח,1030,31,מושבים (כפרים שיתופיים) (ב),MAZLIAH,31.7410754035535,34.9083704908557
3896913.708,3806136.935,285,285,758,יד חנה,117,33,קיבוצים,YAD HANNA,32.2080254481858,35.0258665666300
3880722.678,3745370.111,286,286,759,יציץ,734,31,מושבים (כפרים שיתופיים) (ב),YAZIZ,31.6938086855347,34.8963723485933
3866005.008,3744459.418,287,287,760,בן זכאי,549,31,מושבים (כפרים שיתופיים) (ב),BEN ZAKKAY,31.6861022874665,34.7785069268690
3845451.031,3691700.981,288,288,761,שובה,337,31,מושבים (כפרים שיתופיים) (ב),SHUVA,31.2396535319197,34.6136553270105
3855227.698,3676255.246,289,289,762,בטחה,675,31,מושבים (כפרים שיתופיים) (ב),BITHA,31.1089497220094,34.6921041310204
3860995.368,3733641.207,290,290,763,שתולים,1440,31,מושבים (כפרים שיתופיים) (ב),SHETULIM,31.5945571826398,34.7383539501865
3868938.938,3741190.414,291,291,764,כפר מרדכי,476,31,מושבים (כפרים שיתופיים) (ב),KEFAR MORDEKHAY,31.6584395497429,34.8020148582496
3866152.66,3719063.804,292,292,766,קוממיות,245,31,מושבים (כפרים שיתופיים) (ב),QOMEMIYYUT,31.4712013039043,34.7796901179742
3890766.973,3799738.182,293,293,767,פורת,924,31,מושבים (כפרים שיתופיים) (ב),PORAT,32.1538783686625,34.9767266598775
3845216.209,3711463.748,294,294,768,כרמייה,326,33,קיבוצים,KARMIYYA,31.4068886414167,34.6117703010598
3895250.237,3855657.362,295,295,769,ניר עציון,800,32,מושבים שיתופיים,NIR EZYON,32.6270737382421,35.0125705378608
3907700.773,3726986.937,296,296,771,מבוא ביתר,269,32,מושבים שיתופיים,MEVO BETAR,31.5382478812365,35.1120411017187
3860105.832,3729683.246,297,297,772,אמונים,652,31,מושבים (כפרים שיתופיים) (ב),EMUNIM,31.5610643958408,34.7312224041221
3898509.013,3837506.529,298,298,773,עמיקם,436,31,מושבים (כפרים שיתופיים) (ב),AMMIQAM,32.4734790310876,35.0386159754410
3930922.974,3896436.52,299,299,774,צוריאל,300,31,מושבים (כפרים שיתופיים) (ב),ZURI'EL,32.9721522799264,35.2972860482539
3863312.551,3718126.506,300,300,775,יד נתן,312,31,מושבים (כפרים שיתופיים) (ב),YAD NATAN,31.4632697653529,34.7569286167974
3896980.688,3730252.309,301,301,776,מחסיה,351,31,מושבים (כפרים שיתופיים) (ב),MAHSEYA,31.5658798836727,35.0264018966879
3891109.992,3741155.915,302,302,777,נחשון,383,33,קיבוצים,NAHSHON,31.6581476177680,34.9794695936027
3894141.887,3734900.103,303,303,778,תרום,483,31,מושבים (כפרים שיתופיים) (ב),TARUM,31.6052101221234,35.0037105120579
3911979.76,3730742.673,304,304,779,עמינדב,595,31,מושבים (כפרים שיתופיים) (ב),AMMINADAV,31.5700294065635,35.1462025798725
3913268.824,3731181.055,305,305,780,אורה,795,31,מושבים (כפרים שיתופיים) (ב),ORA,31.5737390569592,35.1564914275259
3911008.071,3732162.47,306,306,783,אבן ספיר,599,31,מושבים (כפרים שיתופיים) (ב),EVEN SAPPIR,31.5820439180542,35.1384461550712
3891194.873,3760099.929,307,307,784,בית נחמיה,632,31,מושבים (כפרים שיתופיים) (ב),BET NEHEMYA,31.8184543227577,34.9801483325152
3916732.275,3882967.398,308,308,785,אחיהוד,650,31,מושבים (כפרים שיתופיים) (ב),AHIHUD,32.8581748126200,35.1841298179759
3947527.255,3870057.668,309,309,786,כפר זיתים,490,31,מושבים (כפרים שיתופיים) (ב),KEFAR ZETIM,32.7489310042012,35.4295128671066
3906438.544,3735335.022,310,310,787,גבעת יערים,925,31,מושבים (כפרים שיתופיים) (ב),GIV'AT YE'ARIM,31.6088904611603,35.1019616499150
3883958.349,3760118.203,311,311,788,זיתן,770,31,מושבים (כפרים שיתופיים) (ב),ZETAN,31.8186089628532,34.9222652110003
3851768.546,3676702.457,312,312,789,רנן,350,31,מושבים (כפרים שיתופיים) (ב),RANNEN,31.1127340739464,34.6643550224128
3854326.648,3718405.592,313,313,791,משען,642,31,מושבים (כפרים שיתופיים) (ב),MASH'EN,31.4656314260755,34.6848767441116
3911325.417,3894485.377,314,314,792,נתיב השיירה,436,31,מושבים (כפרים שיתופיים) (ב),NETIV HASHAYYARA,32.9556414527564,35.1409794195488
3860542.007,3728262.251,315,315,793,גבעתי,717,31,מושבים (כפרים שיתופיים) (ב),GIV'ATI,31.5490397546916,34.7347193547852
3886474.185,3723585.942,316,316,794,עגור,315,31,מושבים (כפרים שיתופיים) (ב),AGUR,31.5094682193053,34.9423927948100
3916826.213,3904273.754,317,317,795,יערה,512,31,מושבים (כפרים שיתופיים) (ב),YA'ARA,33.0384719719470,35.1848793263390
3888553.03,3737693.973,318,318,796,צלפון,603,31,מושבים (כפרים שיתופיים) (ב),ZELAFON,31.6288522085777,34.9590210387162
3881908.176,3760844.275,319,319,797,אחיעזר,1160,31,מושבים (כפרים שיתופיים) (ב),AHI'EZER,31.8247530720513,34.9058599063052
3882723.194,3761775.858,320,320,798,יגל,638,31,מושבים (כפרים שיתופיים) (ב),YAGEL,31.8326362555800,34.9123819513365
3890037.796,3725265.81,321,321,799,זכריה,653,31,מושבים (כפרים שיתופיים) (ב),ZEKHARYA,31.5236834846227,34.9708955625349
3887930.236,3832934.177,322,322,800,בית חנניה,545,31,מושבים (כפרים שיתופיים) (ב),BET HANANYA,32.4347871963223,34.9540397503746
3878247.765,3765848.627,323,323,801,חמד,502,31,מושבים (כפרים שיתופיים) (ב),HEMED,31.8671005569714,34.8765625036526
3889072.153,3767253.699,324,324,802,"גבעת כ""ח",471,31,מושבים (כפרים שיתופיים) (ב),GIV'AT KOAH,31.8789904545480,34.9631729360400
3852683.476,3690418.738,325,325,803,יושיביה,289,31,מושבים (כפרים שיתופיים) (ב),YOSHIVYA,31.2288030282800,34.6716953265306
3885883.088,3754749.738,326,326,804,אחיסמך,1040,31,מושבים (כפרים שיתופיים) (ב),AHISAMAKH,31.7731803101168,34.9376642005234
3892341.156,3730714.739,327,327,805,ישעי,567,31,מושבים (כפרים שיתופיים) (ב),YISH'I,31.5697930254247,34.9893138780937
3922796.848,3588736.167,328,328,806,עין יהב,479,31,מושבים (כפרים שיתופיים) (ב),EN YAHAV,30.3683519010000,35.2325054179696
3890419.905,3807113.545,329,329,807,חניאל,756,31,מושבים (כפרים שיתופיים) (ב),HANNI'EL,32.2162896547929,34.9739512677254
3890505.408,3789199.41,330,330,808,ניר אליהו,358,33,קיבוצים,NIR ELIYYAHU,32.0646979172532,34.9746350123172
3896517.841,3732661.287,331,331,809,נחם,442,31,מושבים (כפרים שיתופיים) (ב),NAHAM,31.5862649671727,35.0227026000761
3894139.606,3845299.548,332,332,810,עופר,331,31,מושבים (כפרים שיתופיים) (ב),OFER,32.5394245767053,35.0036922787190
3851654.771,3695630.525,333,333,811,יכיני,437,31,מושבים (כפרים שיתופיים) (ב),YAKHINI,31.2729058467201,34.6634421841210
3912617.249,3905450.78,334,334,812,שלומי,4930,18,"2000-9999 תושבים,ישובים יהודים",SHELOMI,33.0484321164366,35.1512909300569
3921507.444,3896836.773,335,335,813,עין יעקב,501,31,מושבים (כפרים שיתופיים) (ב),EN YA'AQOV,32.9755392708600,35.2222222727936
3859734.988,3706263.164,336,336,814,תלמים,516,31,מושבים (כפרים שיתופיים) (ב),TELAMIM,31.3628806196013,34.7282491400749
3869493.577,3718626.256,337,337,815,זבדיאל,393,31,מושבים (כפרים שיתופיים) (ב),ZAVDI'EL,31.4674987114223,34.8064582136050
3862479.835,3730706.714,338,338,817,עזריקם,1020,31,מושבים (כפרים שיתופיים) (ב),AZRIQAM,31.5697251214068,34.7502539387436
3867910.622,3721576.003,339,339,818,זרחיה,465,31,מושבים (כפרים שיתופיים) (ב),ZERAHYA,31.4924598532679,34.7937762094814
3867632.284,3725275.606,340,340,819,אביגדור,615,31,מושבים (כפרים שיתופיים) (ב),AVIGEDOR,31.5237663749487,34.7915460968216
3858097.413,3708057.612,341,341,820,חלץ,433,31,מושבים (כפרים שיתופיים) (ב),HELEZ,31.3780654722571,34.7151186390984
3870619.683,3704903.493,342,342,821,אחוזם,377,31,מושבים (כפרים שיתופיים) (ב),AHUZZAM,31.3513749067216,34.8154790946699
3903011.722,3726315.867,343,343,822,מטע,482,31,מושבים (כפרים שיתופיים) (ב),MATTA,31.5325692005698,35.0745914866365
3904148.82,3727863.142,344,344,823,בר גיורא,356,31,מושבים (כפרים שיתופיים) (ב),BAR GIYYORA,31.5456624447796,35.0836744238560
3859309.057,3714768.299,345,345,824,כוכב מיכאל,515,31,מושבים (כפרים שיתופיים) (ב),KOKHAV MIKHA'EL,31.4348521788000,34.7248340901292
3902294.275,3729874.369,346,346,825,נס הרים,502,31,מושבים (כפרים שיתופיים) (ב),NES HARIM,31.5626817053988,35.0688601904758
3869933.501,3709960.512,347,347,826,עוזה,490,31,מושבים (כפרים שיתופיים) (ב),UZA,31.3941680598357,34.8099824104633
3867290.628,3737802.472,348,348,827,נווה מבטח,437,31,מושבים (כפרים שיתופיים) (ב),NEWE MIVTAH,31.6297703482520,34.7888085965930
3879024.026,3752136.82,349,349,828,ישרש,649,31,מושבים (כפרים שיתופיים) (ב),YASHRESH,31.7510694575517,34.8827763432354
3830336.049,3663953.6,350,350,829,מבטחים,319,31,מושבים (כפרים שיתופיים) (ב),MIVTAHIM,31.0048515922582,34.4922438325596
3888449.969,3631252.211,351,351,831,ירוחם,8610,18,"2000-9999 תושבים,ישובים יהודים",YEROHAM,30.7281281903831,34.9581967457551
3935881.075,3834630.709,352,352,833,נורית,0,0,ללא סוג,NURIT,32.4491434725226,35.3367892805844
3877090.271,3765654.933,353,353,836,גנות,450,31,מושבים (כפרים שיתופיים) (ב),GANNOT,31.8654614868927,34.8672961841587
3892924.607,3797730.55,354,354,837,עזריאל,472,31,מושבים (כפרים שיתופיים) (ב),AZRI'EL,32.1368895281762,34.9939787429809
3882995.434,3744662.022,355,355,838,פדיה,519,31,מושבים (כפרים שיתופיים) (ב),PEDAYA,31.6878167458125,34.9145604115234
3883609.467,3745849.865,356,356,839,פתחיה,665,31,מושבים (כפרים שיתופיים) (ב),PETAHYA,31.6978684332581,34.9194736883510
3829416.459,3681479.723,357,357,840,כיסופים,202,33,קיבוצים,KISSUFIM,31.1531599182465,34.4848522053753
3888155.753,3783307.655,358,358,841,אלישמע,825,31,מושבים (כפרים שיתופיים) (ב),ELISHAMA,32.0148411156194,34.9558435336085
3877070.643,3793515.995,359,359,842,געש,504,33,קיבוצים,GA'ASH,32.1012254185800,34.8671390472038
3956906.451,3924311.915,360,360,843,מרגליות,345,31,מושבים (כפרים שיתופיים) (ב),MARGALIYYOT,33.2080374967028,35.5041196704524
3840265.003,3694248.178,361,361,844,נחל עוז,288,33,קיבוצים,NAHAL OZ,31.2612082507040,34.5720158768477
3844193.762,3695641.88,362,362,845,כפר עזה,660,33,קיבוצים,KEFAR AZZA,31.2730019377773,34.6035621895143
3944629.371,3887898.723,363,363,846,שפר,256,31,מושבים (כפרים שיתופיים) (ב),SHEFER,32.8999043283158,35.4064494310700
3866053.89,3739304.784,364,364,848,בית רבן,576,34,ישובים מוסדיים יהודים,BET RABBAN,31.6424831006469,34.7788986385825
3876771.377,3686341.472,365,365,849,דבירה,379,33,קיבוצים,DEVIRA,31.1943006717955,34.8647431145482
3895150.577,3814316.624,366,366,850,אחיטוב,734,31,מושבים (כפרים שיתופיים) (ב),AHITUV,32.2772430452400,35.0117739035218
3896648.019,3803477.506,367,367,851,ניצני עוז,706,31,מושבים (כפרים שיתופיים) (ב),NIZZANE OZ,32.1855210216363,35.0237430539652
3968116.665,3911611.033,368,368,852,גונן,323,33,קיבוצים,GONEN,33.1005609760713,35.5932119692868
3870153.833,3748199.271,369,369,853,גאליה,1070,31,מושבים (כפרים שיתופיים) (ב),GE'ALYA,31.7177494110782,34.8117474193151
3950608.412,3822697.3,370,370,854,רחוב,293,31,מושבים (כפרים שיתופיים) (ב),REHOV,32.3481614097973,35.4540285885201
3894357.687,3746427.772,371,371,856,שעלבים,1280,33,קיבוצים,SHA'ALVIM,31.7027587509170,35.0054356608464
3922374.888,3902917.544,372,372,755,גורן,445,31,מושבים (כפרים שיתופיים) (ב),GOREN,33.0269955423727,35.2291403645912
3867178.21,3739756.893,373,373,765,משגב דב,488,31,מושבים (כפרים שיתופיים) (ב),MISGAV DOV,31.6463089107071,34.7879078363019
3865126.17,3741144.867,374,374,857,כפר אביב,571,31,מושבים (כפרים שיתופיים) (ב),KEFAR AVIV,31.6580541282491,34.7714641424190
3887768.093,3781042.56,375,375,858,נווה ירק,846,31,מושבים (כפרים שיתופיים) (ב),NEWE YARAQ,31.9956735908808,34.9527428368367
3901684.034,3733647.449,376,376,859,כסלון,294,31,מושבים (כפרים שיתופיים) (ב),KESALON,31.5946099989880,35.0639850343566
3958889.859,3901320.245,377,377,861,שדה אליעזר,563,31,מושבים (כפרים שיתופיים) (ב),SEDE ELI'EZER,33.0134789943990,35.5198889459410
3845487.863,3688184.025,378,378,1095,כפר מימון,191,31,מושבים (כפרים שיתופיים) (ב),KEFAR MAYMON,31.2098925940281,34.6139509929524
3863701.868,3723608.32,379,379,1098,מרכז שפירא,2810,18,"2000-9999 תושבים,ישובים יהודים",MERKAZ SHAPPIRA#,31.5096575830377,34.7600490496187
3880456.204,3810836.064,380,380,1102,צוקי ים,256,35,ישובים כפריים יהודים אחרים,ZUQI YAM,32.2477900907409,34.8942396232910
3879911.595,3747386.966,381,381,1103,גני הדר,232,35,ישובים כפריים יהודים אחרים,GANNE HADAR,31.7108755743571,34.8898806918831
3956948.075,3857813.683,382,382,1104,פורייה - כפר עבודה,288,35,ישובים כפריים יהודים אחרים,PORIYYA-KEFAR AVODA,32.6453208074305,35.5044506342728
3956027.082,3861279.203,383,383,1105,פורייה - נווה עובד,888,35,ישובים כפריים יהודים אחרים,PORIYYA-NEWE OVED,32.6746464886364,35.4971273020864
3923163.393,3837488.922,384,384,1108,אומן,449,35,ישובים כפריים יהודים אחרים,OMEN,32.4733300404389,35.2354284536194
3925613.986,3835427.898,385,385,1110,חבר,345,35,ישובים כפריים יהודים אחרים,HEVER,32.4558893871013,35.2549684703476
3926505.892,3873675.75,386,386,1112,יודפת,320,32,מושבים שיתופיים,YODEFAT,32.7795476827901,35.2620791408001
3906760.869,3726164.486,387,387,1113,צור הדסה,3110,18,"2000-9999 תושבים,ישובים יהודים",ZUR HADASSA,31.5312881914420,35.1045356630531
3888952.653,3721029.501,388,388,1114,שריגים (לי-און),896,35,ישובים כפריים יהודים אחרים,SRIGIM (LI-ON),31.4878352868750,34.9622172014615
3948645.883,3906982.856,389,389,1115,אביבים,435,31,מושבים (כפרים שיתופיים) (ב),AVIVIM,33.0613967466636,35.4384141689564
3959891.379,3857727.54,390,390,1120,אוהלו,0,0,ללא סוג,OHOLO,32.6445918568689,35.5278505931807
3895621.482,3718802.539,391,391,1123,אדרת,484,31,מושבים (כפרים שיתופיים) (ב),ADDERET,31.4689904417628,35.0155380430417
3938802.464,3624557.134,392,392,1124,נאות הכיכר,230,31,מושבים (כפרים שיתופיים) (ב),NE'OT HAKIKKAR,30.6714735773732,35.3600572982816
3963218.446,3883461.77,393,393,1125,אלמגור,207,31,מושבים (כפרים שיתופיים) (ב),ALMAGOR,32.8623582547979,35.5542943932134
3923221.015,3852808.217,394,394,874,מגדל העמק,24500,16,"20000-49999 תושבים,ישובים יהודים",MIGDAL HAEMEQ,32.6029639030384,35.2358879527604
3886408.003,3808254.918,395,395,897,מדרשת רופין,11,0,ללא סוג,MIDRESHET RUPPIN,32.2259480972401,34.9418633714755
3961868.188,3890651.094,396,396,962,טובא-זנגרייה,4790,28,"2000-9999 תושבים,ישובים לא יהודים",TUBA-ZANGARIYYE,32.9231952496152,35.5435633496264
3889336.376,3737729.854,397,397,1043,גיזו,156,35,ישובים כפריים יהודים אחרים,GIZO,31.6291558399017,34.9652860956687
3924225.114,3606688.205,398,398,1053,עין חצבה,49,32,מושבים שיתופיים,EN HAZEVA,30.5202643736549,35.2438946868206
3846384.739,3691095.332,399,399,1065,זמרת,279,31,מושבים (כפרים שיתופיים) (ב),ZIMRAT,31.2345284563572,34.6211502820479
3882542.864,3810570.143,400,400,1077,גבעת שפירא,139,31,מושבים (כפרים שיתופיים) (ב),GIV'AT SHAPPIRA,32.2455398333345,34.9109389286320
3942819.933,3825964.159,401,401,1127,מעלה גלבוע,236,33,קיבוצים,MA'ALE GILBOA,32.3758059959183,35.3920457100076
3912362.456,3829533.958,402,402,1128,מי עמי,208,32,מושבים שיתופיים,ME AMMI,32.4060140999802,35.1492572413753
3903520.709,3495696.041,403,403,1129,גרופית,315,33,קיבוצים,GEROFIT,29.5810342595366,35.0786572931174
3928234.693,3908440.839,404,404,1130,כפר רוזנואלד (זרעית),234,31,מושבים (כפרים שיתופיים) (ב),KEFAR ROZENWALD(ZARIT),33.0737343855863,35.2758603627160
3971563.974,3927258.177,405,405,1132,שניר,292,33,קיבוצים,SENIR,33.2329691439000,35.6205918001499
3871876.025,3719317.099,406,406,1133,ורדון,362,35,ישובים כפריים יהודים אחרים,WARDON,31.4733447141092,34.8255422316174
3906316.058,3738080.161,407,407,1134,יד השמונה,87,32,מושבים שיתופיים,YAD HASHEMONA,31.6321201832065,35.1009834920455
3832015.976,3663622.949,408,408,1136,צוחר,502,35,ישובים כפריים יהודים אחרים,ZOHAR,31.0020535768958,34.5057455421465
3907234.664,3737509.834,409,409,1137,קריית יערים,2820,18,"2000-9999 תושבים,ישובים יהודים",QIRYAT YE'ARIM,31.6272940087800,35.1083191430368
3923359.684,3879077.232,410,410,1138,יעד,556,31,מושבים (כפרים שיתופיים) (ב),YA'AD,32.8252557277200,35.2369937485282
3929319.68,3883853.844,411,411,1139,כרמיאל,42400,16,"20000-49999 תושבים,ישובים יהודים",KARMI'EL,32.8656760410876,35.2845083342195
3894719.988,3754646.366,412,412,1141,מבוא מודיעים,171,37,ישובים קהילתיים,MEVO MODI'IM,31.7723055672218,35.0083318906450
3909645.288,3890884.775,413,413,1143,נס עמים,64,45,ישובים כפריים אחרים לא יהודים,NES AMMIM,32.9251726928538,35.1275667753789
3867680.255,3717691.593,414,414,1145,אלומה,522,35,ישובים כפריים יהודים אחרים,ALUMMA,31.4595894751595,34.7919304564228
3842008.923,3691560.759,415,415,1146,עלומים,376,33,קיבוצים,ALUMIM,31.2384669551625,34.5860201233015
3932636.091,3903891.41,416,416,1147,נטועה,251,31,מושבים (כפרים שיתופיים) (ב),NETU'A,33.0352365268439,35.3109370641325
3896481.223,3794910.086,417,417,1148,צור נתן,214,32,מושבים שיתופיים,ZUR NATAN,32.1130223970743,35.0224099235091
3859537.743,3728817.774,418,418,1149,עזר,951,35,ישובים כפריים יהודים אחרים,EZER,31.5537406643978,34.7266676759193
3916337.785,3575701.709,419,419,1150,צופר,309,31,מושבים (כפרים שיתופיים) (ב),ZOFAR,30.2580526184991,35.1809821945368
3913259.055,3550651.024,420,420,1151,פארן,392,31,מושבים (כפרים שיתופיים) (ב),PARAN,30.0460704648226,35.1564134553370
3863566.467,3628850.019,421,421,1152,אשלים,204,37,ישובים קהילתיים,ASHALIM,30.7078005278814,34.7589638031007
3942132.789,3820961.383,422,422,1154,מלכישוע,0,0,ללא סוג,MALKISHUA,32.3334718542949,35.3865752238548
3930415.199,3831922.939,423,423,1155,מגן שאול,248,31,מושבים (כפרים שיתופיים) (ב),MAGEN SHA'UL,32.4262299708246,35.2932394442446
3898723.366,3481937.894,424,424,1156,סמר,185,33,קיבוצים,SAMAR,29.4646110327209,35.0403289143948
3870451.668,3729710.052,425,425,1157,אחווה,254,35,ישובים כפריים יהודים אחרים,AHAWA,31.5612912340255,34.8141332300803
3910598.735,3514315.779,426,426,1158,יהל,196,33,קיבוצים,YAHEL,29.7385968985517,35.1351784761084
3923702.963,3875193.348,427,427,1160,שכניה,523,37,ישובים קהילתיים,SHEKHANYA,32.7923897907209,35.2397311169705
3869015.23,3683863.306,428,428,1161,רהט,34100,26,"20000-49999 תושבים,ישובים לא יהודים",RAHAT,31.1733301094968,34.8026260688132
3940139.503,3884629.92,429,429,1163,מורן,115,33,קיבוצים,MORAN,32.8722432891557,35.3707044706326
3898296.53,3752562.99,430,430,1165,שילת,353,31,מושבים (כפרים שיתופיים) (ב),SHILAT,31.7546757697493,35.0369179476179
3899588.287,3751471.589,431,431,1166,כפר רות,219,31,מושבים (כפרים שיתופיים) (ב),KEFAR RUT,31.7454401876248,35.0472403656569
3885847.169,3829984.774,432,432,1167,קיסריה,3560,18,"2000-9999 תושבים,ישובים יהודים",QESARYYA,32.4098289632829,34.9373768477542
3935968.72,3879601.97,433,433,1171,לוטם,376,33,קיבוצים,LOTEM,32.8296961293120,35.3374874310917
3923584.315,3886000.412,434,434,1172,תובל,173,33,קיבוצים,TUVAL,32.8838405757002,35.2387850061424
3925754.675,3890123.284,435,435,1173,לפידות,154,31,מושבים (כפרים שיתופיים) (ב),LAPPIDOT,32.9187288504452,35.2560901442840
3922665.1,3875784.243,436,436,1174,מנוף,554,31,מושבים (כפרים שיתופיים) (ב),MANOF,32.7973900214683,35.2314547674423
3917133.51,3581908.588,437,437,1176,ספיר,284,35,ישובים כפריים יהודים אחרים,SAPPIR,30.3105760340346,35.1873311488461
3870813.958,3631814.249,438,438,1177,טללים,144,33,קיבוצים,TELALIM,30.7328842255800,34.8170352838693
3922240.896,3872357.071,439,439,1178,מורשת,731,37,ישובים קהילתיים,MORESHET,32.7683888473655,35.2280717766045
3924254.634,3874625.358,440,440,1179,קורנית,601,37,ישובים קהילתיים,QORANIT,32.7875833861800,35.2441300710411
3933030.473,3880693.159,441,441,1180,צביה,273,37,ישובים קהילתיים,ZVIYYA,32.8389299127347,35.3140794140182
3916086.472,3885589.531,442,442,1181,טל-אל,844,37,ישובים קהילתיים,TAL-EL,32.8803636508800,35.1789769177621
3920699.679,3863363.454,443,443,1182,אלון הגליל,864,37,ישובים קהילתיים,ALLON HAGALIL,32.6922836959731,35.2157796675345
3897036.962,3847305.306,444,444,503, ,0,0, , ,32.5563975565641,35.0268516562396
3896137.74,3728226.917,445,445,816, ,0,0, , ,31.5487407538667,35.0196645334237
3908264.964,3857208.054,446,446,882, ,0,0, , ,32.6401958995800,35.1165460585330
3873308.058,3732129.324,447,447,1106, ,0,0, , ,31.5817634251225,34.8370113227438
3930472.539,3836037.218,448,448,1117, ,0,0, , ,32.4610455342877,35.2936964068506
3918398.542,3892699.895,449,449,1183,כליל,220,37,ישובים קהילתיים,KELIL,32.9405324696800,35.1974237264243
3922061.096,3886430.028,450,450,1185,פלך,14,33,קיבוצים,PELEKH,32.8874760405604,35.2266378493822
3928697.799,3863251.844,451,451,1186,הושעיה,1150,37,ישובים קהילתיים,HOSHA'AYA,32.6913392369133,35.2795516841776
3923616.663,3608050.317,452,452,1187,עיר אובות,0,0,ללא סוג,IR OVOT,30.5317907403780,35.2390429525642
3929404.745,3879881.734,453,453,1188,אשחר,376,37,ישובים קהילתיים,ESHHAR,32.8320635293230,35.2851863164991
3939176.402,3869157.694,454,454,1190,מצפה נטופה,529,37,ישובים קהילתיים,MIZPE NETOFA,32.7413153040600,35.3630351782547
3945291.627,3894945.282,455,455,1191,בר יוחאי,438,37,ישובים קהילתיים,BAR YOHAY,32.9595332291361,35.4117206526727
3898661.046,3652941.939,456,456,1192,ערערה-בנגב,10500,27,"10000-19999 תושבים,ישובים לא יהודים",AR'ARA-BANEGEV,30.9116694859200,35.0398309024175
3899210.715,3509929.632,457,457,1197,נאות סמדר,164,33,קיבוצים,NE'OT SMADAR,29.7014807510064,35.0442233047248
3887019.928,3676080.326,458,458,1198,כרמים,85,33,קיבוצים,KERAMIM,31.1074695250356,34.9467583616056
3848592.856,3690443.628,459,459,5,יזרעם,0,0,ללא סוג,"YIZRE""M",31.2290136480396,34.6388726727037
3865673.383,3713641.268,460,460,7,שחר,458,31,מושבים (כפרים שיתופיים) (ב),SHAHAR,31.4253150931986,34.7758494285100
3883505.867,3730615.841,461,461,10,תירוש,400,31,מושבים (כפרים שיתופיים) (ב),TIROSH,31.5689561386148,34.9186447408368
3864417.617,3712134.301,462,462,11,"ניר ח""ן",306,31,מושבים (כפרים שיתופיים) (ב),NIR HEN,31.4125629417670,34.7657856071748
3927358.012,3602635.642,463,463,13,חצבה,410,31,מושבים (כפרים שיתופיים) (ב),HAZEVA,30.4859710597036,35.2688721161019
3872618.779,3706725.728,464,464,15,נועם,411,31,מושבים (כפרים שיתופיים) (ב),NO'AM,31.3667948948645,34.8314910911606
3882186.973,3717105.363,465,465,16,בית ניר,261,33,קיבוצים,BET NIR,31.4546287218993,34.9080909882145
3874882.457,3712223.511,466,466,18,שדה משה,299,31,מושבים (כפרים שיתופיים) (ב),SEDE MOSHE,31.4133178500279,34.8496189972500
3886560.46,3702222.636,467,467,23,אמציה,128,32,מושבים שיתופיים,AMAZYA,31.3286891500904,34.9430829463435
3878533.377,3706232.275,468,468,24,לכיש,471,31,מושבים (כפרים שיתופיים) (ב),LAKHISH,31.3626192345186,34.8788488277062
3956649.28,3891196.479,469,469,26,ראש פינה,2210,18,"2000-9999 תושבים,ישובים יהודים",ROSH PINNA,32.9278103679760,35.5020748112133
3887349.969,3726749.043,470,470,27,שדות מיכה,293,31,מושבים (כפרים שיתופיים) (ב),SEDOT MIKHA,31.5362347913591,34.9493983674920
3878659.82,3743805.091,471,471,28,מזכרת בתיה,7300,18,"2000-9999 תושבים,ישובים יהודים",MAZKERET BATYA,31.6805652846984,34.8798609816862
3963202.016,3902833.38,472,472,29,יסוד המעלה,1160,35,ישובים כפריים יהודים אחרים,YESUD HAMA'ALA,33.0262833379667,35.5541638213272
3854060.609,3673194.275,473,473,31,אופקים,23200,16,"20000-49999 תושבים,ישובים יהודים",OFAQIM,31.0830473869465,34.6827427194348
3863276.036,3715752.95,474,474,32,עוצם,554,31,מושבים (כפרים שיתופיים) (ב),OZEM,31.4431844233428,34.7566359451673
3896561.228,3842380.478,475,475,33,בת שלמה,365,31,מושבים (כפרים שיתופיים) (ב),BAT SHELOMO,32.5147230266754,35.0230493722011
3965181.454,3897683.991,476,476,35,גדות,384,33,קיבוצים,GADOT,32.9827085378398,35.5698929622978
3860935.087,3707729.586,477,477,36,שדה דוד,413,31,מושבים (כפרים שיתופיים) (ב),SEDE DAWID,31.3752896751417,34.7378706832459
3868133.157,3707312.206,478,478,37,איתן,369,31,מושבים (כפרים שיתופיים) (ב),ETAN,31.3717577528497,34.7955591740762
3882660.699,3729333.93,479,479,39,גפן,323,31,מושבים (כפרים שיתופיים) (ב),GEFEN,31.5581084419800,34.9118818624574
3887813.212,3816940.52,480,480,41,אליכין,2390,18,"2000-9999 תושבים,ישובים יהודים",ELYAKHIN,32.2994467942630,34.9531037249251
3960192.244,3932612.255,481,481,43,מטולה,1480,35,ישובים כפריים יהודים אחרים,METULA,33.2782760483593,35.5302422094602
3861954.606,3710380.1,482,482,44,זוהר,341,31,מושבים (כפרים שיתופיים) (ב),ZOHAR,31.3977186681892,34.7460436942789
3951910.337,3856793.023,483,483,46,יבנאל,2580,18,"2000-9999 תושבים,ישובים יהודים",YAVNE'EL,32.6366838551256,35.4643856138387
3943059.364,3853992.417,484,484,47,כפר תבור,2290,18,"2000-9999 תושבים,ישובים יהודים",KEFAR TAVOR,32.6129847583701,35.3939517847500
3957985.179,3851132.866,485,485,48,מנחמיה,1100,35,ישובים כפריים יהודים אחרים,MENAHEMYA,32.5887868712702,35.5126965348583
3941438.015,3862766.39,486,486,49,אילנייה,491,31,מושבים (כפרים שיתופיים) (ב),ILANIYYA,32.6872312565105,35.3810436718993
3896762.197,3831685.732,487,487,50,גבעת עדה,2540,18,"2000-9999 תושבים,ישובים יהודים",BINYAMINA-GIVAT ADA,32.4242226929400,35.0246556251587
3883574.266,3722269.433,488,488,52,לוזית,324,31,מושבים (כפרים שיתופיים) (ב),LUZIT,31.4983277499450,34.9191920315517
3890029.918,3855066.774,489,489,53,עתלית,4440,18,"2000-9999 תושבים,ישובים יהודים",ATLIT,32.6220761070695,34.9708325627611
3862103.44,3714017.701,490,490,55,נוגה,333,31,מושבים (כפרים שיתופיים) (ב),NOGAH,31.4285005246835,34.7472367716095
3959101.573,3857307.572,491,491,57,כנרת (קבוצה),612,33,קיבוצים,KINNERET(QEVUZA),32.6410380322821,35.5215720393443
3952856.369,3867490.266,492,492,58,מצפה,157,35,ישובים כפריים יהודים אחרים,MIZPA,32.7272053134526,35.4719107101065
3892094.434,3449730.497,493,493,1126,אילות,286,33,קיבוצים,ELOT,29.1920678498383,34.9873411961741
3950027.223,3822191.052,494,494,1135,בכורה,0,0,ללא סוג, ,32.3438774805359,35.4494047633996
3907770.83,3738643.509,495,495,1144,ידידה,162,34,ישובים מוסדיים יהודים,YEDIDA,31.6368873099920,35.1126005041800
3923964.514,3888082.259,496,496,1153,כישור,0,0,ללא סוג,KISHOR,32.9014574347808,35.2418167122656
3932912.429,3866489.516,497,497,1162,בית רימון,229,33,קיבוצים,BET RIMMON,32.7187368328190,35.3131388767192
3929434.057,3607281.515,498,498,1175,עידן,201,31,מושבים (כפרים שיתופיים) (ב),IDDAN,30.5252850371879,35.2854199378300
3903350.26,3857775.846,499,499,534, ,0,0, , ,32.6450006263070,35.0772957575873
3936039.479,3900677.664,500,500,1184,מתת,164,37,ישובים קהילתיים,MATTAT,33.0080413888800,35.3380510720329
3891183.891,3714827.663,501,501,59,נחושה,262,31,מושבים (כפרים שיתופיים) (ב),NEHUSHA,31.4353545207958,34.9800605149389
3960158.946,3856572.887,502,502,62,דגניה א',512,33,קיבוצים,DEGANYA ALEF,32.6348210313527,35.5299775231700
3958977.471,3858488.571,503,503,63,כנרת (מושבה),497,35,ישובים כפריים יהודים אחרים,KINNERET(MOSHAVA),32.6510318004830,35.5205854507822
3952693.07,3873611.489,504,504,65,מגדל,1390,35,ישובים כפריים יהודים אחרים,MIGDAL,32.7790038978882,35.4706118108566
3930489.074,3843121.579,505,505,66,מרחביה (קיבוץ),675,33,קיבוצים,MERHAVYA(QIBBUZ),32.5209943198678,35.2938281830649
3851852.812,3705226.273,506,506,67,אור הנר,394,33,קיבוצים,OR HANER,31.3541063125182,34.6650310965372
3829611.704,3673379.167,507,507,69,ניר עוז,369,33,קיבוצים,NIR OZ,31.0846119610617,34.4864216255452
3856939.952,3736334.113,508,508,70,אשדוד,187500,14,"100000-199999 תושבים,ישובים יהודים",ASHDOD,31.6173449013294,34.7058367122300
3859125.995,3690814.91,509,509,71,אשבול,270,31,מושבים (כפרים שיתופיים) (ב),ESHBOL,31.2321554887880,34.7233662838310
3890796.55,3822379.433,510,510,72,גן שמואל,827,33,קיבוצים,GAN SHEMU'EL,32.3454715847480,34.9769631715760
3894250.222,3855545.533,511,511,74,עין הוד,437,37,ישובים קהילתיים,EN HOD,32.6261274268881,35.0045765657874
3960295.639,3927475.659,512,512,76,כפר גלעדי,559,33,קיבוצים,KEFAR GIL'ADI,33.2348095037372,35.5310640917630
3960603.453,3898300.097,513,513,77,איילת השחר,1270,33,קיבוצים,AYYELET HASHAHAR,32.9879221086473,35.5335108547600
3960247.401,3855554.601,514,514,79,דגניה ב',493,33,קיבוצים,DEGANYA BET,32.6262041666776,35.5306806507061
3917716.835,3854251.517,515,515,80,נהלל,925,31,מושבים (כפרים שיתופיים) (ב),NAHALAL,32.6151773014628,35.1919851163764
3939645.154,3836712.121,516,516,82,עין חרוד (מאוחד),809,33,קיבוצים,EN HAROD(ME'UHAD),32.4667566504193,35.3667679861852
3940683.419,3836450.52,517,517,84,תל יוסף,400,33,קיבוצים,TEL YOSEF,32.4645429513634,35.3750354597800
3936123.589,3837925.345,518,518,85,כפר יחזקאל,610,31,מושבים (כפרים שיתופיים) (ב),KEFAR YEHEZQEL,32.4770231079837,35.3387210523884
3937702.523,3837892.154,519,519,86,גבע,542,33,קיבוצים,GEVA,32.4767422450200,35.3512972708771
3889167.838,3757773.046,520,520,88,כרם בן שמן,141,35,ישובים כפריים יהודים אחרים,KEREM BEN SHEMEN,31.7987639370611,34.9639381901158
3939653.463,3837698.835,521,521,89,עין חרוד (איחוד),559,33,קיבוצים,EN HAROD (IHUD),32.4751063517378,35.3668341554612
3925054.294,3850763.164,522,522,92,גיניגר,448,33,קיבוצים,GINNEGAR,32.5856584040222,35.2505060785195
3929201.726,3846297.16,523,523,94,בלפוריה,287,31,מושבים (כפרים שיתופיים) (ב),BALFURYA,32.5478664948017,35.2835682167298
3944306.521,3831393.811,524,524,95,בית אלפא,589,33,קיבוצים,BET ALFA,32.4217524204000,35.4038796086652
3904633.023,3861261.504,525,525,96,יגור,1080,33,קיבוצים,YAGUR,32.6744967220312,35.0875418812935
3931493.874,3842975.509,526,526,97,מרחביה (מושב),630,31,מושבים (כפרים שיתופיים) (ב),MERHAVYA(MOSHAV),32.5197582531854,35.3018355025546
3884427.777,3785312.683,527,527,98,"כפר מל""ל",443,31,מושבים (כפרים שיתופיים) (ב),KEFAR MALAL,32.0318079208898,34.9260211297378
3874151.729,3582936.013,528,528,99,מצפה רמון,4820,18,"2000-9999 תושבים,ישובים יהודים",MIZPE RAMON,30.3192702354344,34.8437675858972
3929866.103,3850017.277,529,529,103,תל עדשים,477,31,מושבים (כפרים שיתופיים) (ב),TEL ADASHIM,32.5793466115894,35.2888633435023
3928159.705,3849064.011,530,530,104,מזרע,722,33,קיבוצים,MIZRA,32.5712799460701,35.2752626312608
3928595.079,3848156.286,531,531,106,כפר גדעון,198,31,מושבים (כפרים שיתופיים) (ב),KEFAR GID'ON,32.5635986621873,35.2787329354070
3926532.617,3835621.032,532,532,113,אדירים,239,31,מושבים (כפרים שיתופיים) (ב),ADDIRIM,32.4575237140438,35.2622921993455
3882196.967,3814014.538,533,533,115,חופית,756,35,ישובים כפריים יהודים אחרים,HOFIT,32.2746867523390,34.9081709645447
3914627.11,3856004.642,534,534,122,רמת ישי,5280,18,"2000-9999 תושבים,ישובים יהודים",RAMAT YISHAY,32.6300124741891,35.1673315494967
3921160.16,3850436.583,535,535,126,שריד,611,33,קיבוצים,SARID,32.5828948352099,35.2194524474952
3920707.823,3729215.111,536,536,127,רמת רחל,308,33,קיבוצים,RAMAT RAHEL,31.5571029807397,35.2158446241710
3883159.13,3772339.147,537,537,128,גת רימון,200,35,ישובים כפריים יהודים אחרים,GAT RIMMON,31.9220241798339,34.9158702743114
3912287.839,3843587.971,538,538,130,משמר העמק,935,33,קיבוצים,MISHMAR HAEMEQ,32.5249409898470,35.1486616643333
3917358.466,3848497.459,539,539,132,כפר ברוך,261,31,מושבים (כפרים שיתופיים) (ב),KEFAR BARUKH,32.5664857095735,35.1891259478097
3919869.586,3852209.399,540,540,133,גבת,658,33,קיבוצים,GEVAT,32.5978966309994,35.2091585181900
3921131.367,3852668.277,541,541,134,יפעת,704,33,קיבוצים,YIF'AT,32.6017797189590,35.2192227962758
3918716.189,3852704.826,542,542,135,רמת דוד,238,33,קיבוצים,RAMAT DAWID,32.6020889953906,35.1999577808300
3897221.864,3823414.177,543,543,139,עין שמר,758,33,קיבוצים,EN SHEMER,32.3542277162323,35.0283294307785
3913198.661,3853080.196,544,544,140,כפר יהושע,674,31,מושבים (כפרים שיתופיים) (ב),KEFAR YEHOSHUA,32.6052654261689,35.1559314416071
3925670.201,3834776.54,545,545,141,ברק,249,31,מושבים (כפרים שיתופיים) (ב),BARAQ,32.4503775095019,35.2554166580155
3911832.712,3855238.063,546,546,142,שדה יעקב,821,31,מושבים (כפרים שיתופיים) (ב),SEDE YA'AQOV,32.6235255793727,35.1450288290409
3959999.509,3854119.143,547,547,143,בית זרע,715,33,קיבוצים,BET ZERA,32.6140571317684,35.5287101412457
3873726.744,3747337.013,548,548,144,גן שלמה,413,33,קיבוצים,GAN SHELOMO,31.7104528674371,34.8403642915544
3923489.14,3836887.466,549,549,145,גדיש,280,31,מושבים (כפרים שיתופיים) (ב),GADISH,32.4682404406800,35.2380260618700
3925504.034,3836144.639,550,550,146,דבורה,216,31,מושבים (כפרים שיתופיים) (ב),DEVORA,32.4619545396940,35.2540918509283
3874053.638,3745722.355,551,551,147,גבעת ברנר,1180,33,קיבוצים,GIV'AT BRENNER,31.6967894255850,34.8429820812366
3886734.781,3796498.117,552,552,154,תל מונד,7260,18,"2000-9999 תושבים,ישובים יהודים",TEL MOND,32.1264605244789,34.9444774067161
3864998.933,3728172.901,553,553,155,באר טוביה,763,31,מושבים (כפרים שיתופיים) (ב),BE'ER TOVIYYA,31.5482836628081,34.7704444546809
3870393.81,3752439.463,554,554,156,עיינות,399,34,ישובים מוסדיים יהודים,AYANOT,31.7536304617594,34.8136697624988
3888562.299,3798059.862,555,555,157,עין ורד,965,31,מושבים (כפרים שיתופיים) (ב),EN WERED,32.1396762119034,34.9590951704991
3880061.272,3748018.13,556,556,158,נען,1140,33,קיבוצים,NA'AN,31.7162165661702,34.8910786945910
3870877.451,3754688.885,557,557,159,בית חנן,534,31,מושבים (כפרים שיתופיים) (ב),BET HANAN,31.7726653666230,34.8175438687380
3883107.921,3741101.833,558,558,160,חולדה,312,33,קיבוצים,HULDA,31.6576899669088,34.9154605063046
3886860.026,3794829.065,559,559,162,חירות,918,31,מושבים (כפרים שיתופיים) (ב),HERUT,32.1123367795800,34.9454792820925
3869502.672,3726109.97,560,560,163,תימורים,609,32,מושבים שיתופיים,TIMMORIM,31.5308268709231,34.8065310763800
3922536.644,3837545.456,561,561,164,מלאה,333,31,מושבים (כפרים שיתופיים) (ב),MELE'A,32.4738084391318,35.2304303584361
3923623.779,3838388.242,562,562,165,ניר יפה,316,31,מושבים (כפרים שיתופיים) (ב),NIR YAFE,32.4809402064778,35.2390996979511
3863865.922,3735802.886,563,563,166,גן יבנה,12200,17,"10000-19999 תושבים,ישובים יהודים",GAN YAVNE,31.6128495880038,34.7613639350300
3889501.481,3814095.686,564,564,167,עין החורש,715,33,קיבוצים,EN HAHORESH,32.2753734335709,34.9666065167240
3888291.433,3804888.285,565,565,168,כפר יונה,10900,17,"10000-19999 תושבים,ישובים יהודים",KEFAR YONA,32.1974592140282,34.9569287438513
3892329.849,3799464.525,566,566,170,כפר יעבץ,496,31,מושבים (כפרים שיתופיים) (ב),KEFAR YA'BEZ,32.1515626483335,34.9892234778413
3886161.206,3803525.288,567,567,171,פרדסייה,5920,18,"2000-9999 תושבים,ישובים יהודים",PARDESIYYA,32.1859253534879,34.9398890894625
3888552.521,3814764.326,568,568,173,גבעת חיים (מאוחד),960,33,קיבוצים,GIV'AT HAYYIM(ME'UHAD),32.2810315586379,34.9590169667619
3870887.068,3755650.539,569,569,174,נטעים,456,31,מושבים (כפרים שיתופיים) (ב),NETA'IM,31.7808030064868,34.8176209055237
3881954.37,3809349.757,570,570,175,אביחיל,1090,31,מושבים (כפרים שיתופיים) (ב),AVIHAYIL,32.2352127657037,34.9062295753200
3960534.405,3852955.49,571,571,176,אפיקים,1030,33,קיבוצים,AFIQIM,32.6042101472892,35.5329620090354
3876818.181,3746645.692,572,572,177,"כפר ביל""ו",978,31,מושבים (כפרים שיתופיים) (ב),KEFAR BILU,31.7046028203111,34.8651178372670
3909803.797,3867808.231,573,573,178,רמת יוחנן,701,33,קיבוצים,RAMAT YOHANAN,32.7298959738339,35.1288322466754
3878462.923,3771078.072,574,574,180,"כפר אז""ר",539,31,מושבים (כפרים שיתופיים) (ב),KEFAR AZAR,31.9113527969577,34.8782848450344
3883238.7,3798561.897,575,575,182,אבן יהודה,8480,18,"2000-9999 תושבים,ישובים יהודים",EVEN YEHUDA,32.1439244987055,34.9165069698222
3885093.903,3782670.522,576,576,183,ירקונה,272,31,מושבים (כפרים שיתופיים) (ב),YARQONA,32.0094496125747,34.9313505805734
3889334.007,3791941.669,577,577,184,רמת הכובש,586,33,קיבוצים,RAMAT HAKOVESH,32.0879032637839,34.9652671489459
3880780.406,3812258.727,578,578,186,נעורים,564,34,ישובים מוסדיים יהודים,NE'URIM,32.2598288508031,34.8968343744891
3889309.375,3796008.809,579,579,187,כפר הס,971,31,מושבים (כפרים שיתופיים) (ב),KEFAR HESS,32.1223199336825,34.9650701505269
3960974.241,3850980.233,580,580,188,אשדות יעקב (מאוחד),336,33,קיבוצים,ASHDOT YA'AQOV(ME'UHAD),32.5874952684650,35.5364581064775
3896419.828,3827070.173,581,581,189,כפר פינס,972,31,מושבים (כפרים שיתופיים) (ב),KEFAR PINES,32.3851652329711,35.0219192125768
3883213.307,3813630.684,582,582,190,כפר ויתקין,1480,31,מושבים (כפרים שיתופיים) (ב),KEFAR VITKIN,32.2714385340522,34.9163037852938
3885029.149,3809279.372,583,583,191,הדר עם,441,31,מושבים (כפרים שיתופיים) (ב),HADAR AM,32.2346171616783,34.9308325180165
3926613.131,3855747.875,584,584,192,כפר החורש,421,33,קיבוצים,KEFAR HAHORESH,32.6278396773713,35.2629340637597
3884997.067,3810036.902,585,585,193,כפר חיים,468,31,מושבים (כפרים שיתופיים) (ב),KEFAR HAYYIM,32.2410274790957,34.9305758473556
3887254.765,3810020.371,586,586,194,משמר השרון,447,33,קיבוצים,MISHMAR HASHARON,32.2408875910871,34.9486368359977
3886280.344,3800052.14,587,587,195,צורן-קדימה,9130,18,"2000-9999 תושבים,ישובים יהודים",ZORAN-QADIMA,32.1565351296745,34.9408421546143
3873912.062,3748713.35,588,588,196,גיבתון,290,35,ישובים כפריים יהודים אחרים,GIBBETON,31.7220996085767,34.8418483403609
3885623.385,3811130.5,589,589,197,מעברות,734,33,קיבוצים,MA'BAROT,32.2502816495818,34.9355865785087
3887557.734,3788590.264,590,590,198,צופית,720,31,מושבים (כפרים שיתופיים) (ב),ZOFIT,32.0595432426156,34.9510602421058
3960718.857,3850209.164,591,591,199,אשדות יעקב (איחוד),564,33,קיבוצים,ASHDOT YA'AQOV(IHUD),32.5809703813800,35.5344281710576
3880969.809,3813281.902,592,592,200,בית ינאי,370,31,מושבים (כפרים שיתופיים) (ב),BET YANNAY,32.2684870954105,34.8983502233463
3870569.849,3753313.795,593,593,202,בית עובד,304,31,מושבים (כפרים שיתופיים) (ב),BET OVED,31.7610291756413,34.8150799042538
3886097.745,3813167.037,594,594,204,אלישיב,436,31,מושבים (כפרים שיתופיים) (ב),ELYASHIV,32.2675150879961,34.9393814136585
3887908.502,3814157.971,595,595,205,חגלה,381,31,מושבים (כפרים שיתופיים) (ב),HOGLA,32.2759004991956,34.9538659100277
3882543.64,3784661.071,596,596,206,רמות השבים,1110,35,ישובים כפריים יהודים אחרים,RAMOT HASHAVIM,32.0262938993538,34.9109451450915
3885220.204,3750262.581,597,597,64,"יד רמב""ם",812,31,מושבים (כפרים שיתופיים) (ב),YAD RAMBAM,31.7352094079484,34.9323610415783
3909504.648,3738532.209,598,598,78,קריית ענבים,314,33,קיבוצים,QIRYAT ANAVIM,31.6359454741270,35.1264439449200
3943464.309,3831689.873,599,599,90,חפצי-בה,400,33,קיבוצים,HEFZI-BAH,32.4242577366415,35.3971754117537
3892852.055,3841163.792,600,600,102,מאיר שפיה,412,34,ישובים מוסדיים יהודים,ME'IR SHEFEYA,32.5044272719017,34.9933986837125
3881943.853,3785345.103,601,601,207,"גבעת ח""ן",331,31,מושבים (כפרים שיתופיים) (ב),GIV'AT HEN,32.0320822710495,34.9061454184298
3894371.936,3827436.46,602,602,213,משמרות,252,33,קיבוצים,MISHMAROT,32.3882647993162,35.0055495674877
3886288.384,3814624.361,603,603,217,"כפר הרא""ה",1430,31,מושבים (כפרים שיתופיים) (ב),KEFAR HARO'E,32.2798471506383,34.9409064682121
3885250.733,3783234.896,604,604,218,גני עם,230,35,ישובים כפריים יהודים אחרים,GANNE AM,32.0142254233474,34.9326052820100
3886725.252,3815560.143,605,605,219,חיבת ציון,443,31,מושבים (כפרים שיתופיים) (ב),HIBBAT ZIYYON,32.2877658603813,34.9444011839955
3905846.542,3871527.159,606,606,220,כפר ביאליק,768,35,ישובים כפריים יהודים אחרים,KEFAR BIALIK,32.7613660274084,35.0972338807740
3897521.421,3826857.637,607,607,223,עין עירון,384,31,מושבים (כפרים שיתופיים) (ב),EN IRON,32.3833667223078,35.0307235134865
3880265.13,3809878.061,608,608,224,שושנת העמקים,566,35,ישובים כפריים יהודים אחרים,SHOSHANNAT HAAMAQIM,32.2396833481827,34.8927103333210
3896309.17,3824241.849,609,609,225,גן השומרון,599,31,מושבים (כפרים שיתופיים) (ב),GAN HASHOMERON,32.3612315852428,35.0210347508508
3882201.365,3771353.554,610,610,229,גני תקווה,11500,17,"10000-19999 תושבים,ישובים יהודים",GANNE TIQWA,31.9136839617638,34.9082061589259
3876960.362,3792203.927,611,611,232,שפיים,883,33,קיבוצים,SHEFAYIM,32.0901225268818,34.8662561416022
3866151.134,3736515.217,612,612,234,ביצרון,822,31,מושבים (כפרים שיתופיים) (ב),BIZZARON,31.6188774287908,34.7796778864878
3894528.967,3466239.995,613,613,21, ,0,0, , ,29.3317733639122,35.0068048801427
3892850.825,3858001.811,614,614,212, ,0,0, , ,32.6469127714957,34.9933888513929
3880889.213,3810711.88,615,615,235,חבצלת השרון,289,31,מושבים (כפרים שיתופיים) (ב),HAVAZZELET HASHARON,32.2467392314529,34.8977051933611
3908758.315,3858556.896,616,616,237,שער העמקים,569,33,קיבוצים,SHA'AR HAAMAQIM,32.6516099748132,35.1204852025163
3885707.701,3788964.206,617,617,239,גן חיים,607,31,מושבים (כפרים שיתופיים) (ב),GAN HAYYIM,32.0627075900091,34.9362611085495
3907099.485,3849180.552,618,618,240,יקנעם עילית,16700,17,"10000-19999 תושבים,ישובים יהודים",YOQNE'AM ILLIT,32.5722661342816,35.1072396926957
3908983.678,3849865.079,619,619,241,יקנעם (מושבה),1020,31,מושבים (כפרים שיתופיים) (ב),YOQNE'AM(MOSHAVA),32.5780586915295,35.1222845442010
3945003.009,3835710.954,620,620,242,בית השיטה,900,33,קיבוצים,BET HASHITTA,32.4582846480687,35.4094234361020
3850354.409,3687612.679,621,621,246,נתיבות,21800,16,"20000-49999 תושבים,ישובים יהודים",NETIVOT,31.2050577923200,34.6530085673300
3876635.604,3789648.379,622,622,247,רשפון,794,31,מושבים (כפרים שיתופיים) (ב),RISHPON,32.0684971493114,34.8636560993213
3915947.147,3854991.007,623,623,248,בית שערים,476,31,מושבים (כפרים שיתופיים) (ב),BET SHE'ARIM,32.6214349582071,35.1778651984390
3887826.613,3773364.441,624,624,249,כפר סירקין,931,35,ישובים כפריים יהודים אחרים,KEFAR SIRKIN,31.9307003496009,34.9532109195317
3909608.199,3848039.136,625,625,250,הזורע,915,33,קיבוצים,HAZOREA,32.5626073256862,35.1272706655570
3881784.403,3811254.824,626,626,252,ביתן אהרן,505,31,מושבים (כפרים שיתופיים) (ב),BITAN AHARON,32.2513336946573,34.9048693936636
3964095.062,3902138.459,627,627,253,חולתה,396,33,קיבוצים,HULATA,33.0204028218478,35.5612605372134
3910334.453,3866039.811,628,628,254,כפר המכבי,291,33,קיבוצים,KEFAR HAMAKKABBI,32.7149313766255,35.1330686821322
3952252.782,3869116.856,629,629,255,כפר חיטים,330,32,מושבים שיתופיים,KEFAR HITTIM,32.7409697252925,35.4671096233300
3946931.654,3829734.341,630,630,256,ניר דוד (תל עמל),534,33,קיבוצים,NIR DAWID (TEL AMAL),32.4077097707995,35.4247731157821
3887343.778,3769008.788,631,631,257,נופך,335,37,ישובים קהילתיים,NOFEKH,31.8938422453008,34.9493488456314
3949809.326,3832462.4,632,632,259,שדה נחום,335,33,קיבוצים,SEDE NAHUM,32.4307949610000,35.4476711622145
3957516.18,3878275.7,633,633,262,גינוסר,483,33,קיבוצים,GINNOSAR,32.8184730589579,35.5089676649918
3962806.699,3853297.659,634,634,263,מסדה,288,33,קיבוצים,MASSADA,32.6071056272505,35.5510222074629
3963395.285,3853855.386,635,635,264,שער הגולן,503,33,קיבוצים,SHA'AR HAGOLAN,32.6118251863200,35.5556997100979
3957488.857,3836951.03,636,636,265,בית יוסף,345,31,מושבים (כפרים שיתופיים) (ב),BET YOSEF,32.4687783303126,35.5087504241560
3876683.522,3787739.803,637,637,267,כפר שמריהו,1790,35,ישובים כפריים יהודים אחרים,KEFAR SHEMARYAHU,32.0523465306171,34.8640397370065
3955023.866,3818785.956,638,638,268,טירת צבי,666,33,קיבוצים,TIRAT ZEVI,32.3150631089514,35.4891495010679
3945355.336,3840457.597,639,639,269,מולדת,622,32,מושבים שיתופיים,MOLEDET,32.4984513559472,35.4122277247048
3907363.982,3841756.859,640,640,270,עין השופט,715,33,קיבוצים,EN HASHOFET,32.5094458749843,35.1093517851132
3957536.379,3828211.874,641,641,272,מעוז חיים,596,33,קיבוצים,MA'OZ HAYYIM,32.3948264511999,35.5091282684000
3967531.783,3865859.524,642,642,273,עין גב,521,33,קיבוצים,EN GEV,32.7134057563200,35.5885658055572
3877725.237,3728226.625,643,643,274,כפר מנחם,460,33,קיבוצים,KEFAR MENAHEM,31.5487382839544,34.8723795180740
3886713.997,3802426.371,644,644,276,צור משה,1410,31,מושבים (כפרים שיתופיים) (ב),ZUR MOSHE,32.1766261785699,34.9443111511343
3908882.871,3868246.136,645,645,278,אושה,354,33,קיבוצים,USHA,32.7336015812895,35.1214796809849
3915552.203,3906964.864,646,646,280,חניתה,465,33,קיבוצים,HANITA,33.0612444933001,35.1747137460127
3932121.689,3893119.695,647,647,281,פקיעין חדשה,290,31,מושבים (כפרים שיתופיים) (ב),PEQI'IN HADASHA,32.9440848692170,35.3068382431036
3885410,3790492.85,648,648,284,שדה ורבורג,956,31,מושבים (כפרים שיתופיים) (ב),SEDE WARBURG,32.0756431672426,34.9338794663025
3912568.376,3857722.177,649,649,285,אלונים,547,33,קיבוצים,ALLONIM,32.6445464769375,35.1509008468611
3908614.16,3739393.077,650,650,286,מעלה החמישה,347,33,קיבוצים,MA'ALE HAHAMISHA,31.6432302479609,35.1193342143990
3882309.588,3795621.953,651,651,287,תל יצחק,622,33,קיבוצים,TEL YIZHAQ,32.1190463117278,34.9090722002034
3881041.95,3797514.8,652,652,288,בית יהושע,652,31,מושבים (כפרים שיתופיים) (ב),BET YEHOSHUA,32.1350638210239,34.8989275806372
3907688.573,3882884.87,653,653,289,עין המפרץ,674,33,קיבוצים,EN HAMIFRAZ,32.8574764520967,35.1119436823200
3888189.076,3839180.136,654,654,290,מעיין צבי,491,33,קיבוצים,MA'YAN ZEVI,32.4876413158191,34.9561100602281
3948134.724,3859074.553,655,655,292,שרונה,441,31,מושבים (כפרים שיתופיים) (ב),SHARONA,32.6559904566054,35.4343468124951
3860722.707,3716570.51,656,656,293,שדה יואב,208,33,קיבוצים,SEDE YO'AV,31.4501027236112,34.7361680437435
3958052.308,3823666.689,657,657,295,כפר רופין,448,33,קיבוצים,KEFAR RUPPIN,32.3563645087262,35.5132302443767
3955430.695,3828049.552,658,658,296,נווה איתן,172,33,קיבוצים,NEWE ETAN,32.3934528648447,35.4923847799731
3907314.457,3880261.793,659,659,297,כפר מסריק,592,33,קיבוצים,KEFAR MASARYK,32.8352796318271,35.1089563176047
3948993.011,3828495.877,660,660,298,מסילות,423,33,קיבוצים,MESILLOT,32.3972297278470,35.4411762017693
3904491.542,3840931.384,661,661,300,דלייה,739,33,קיבוצים,DALIYYA,32.5024606024917,35.0864118525900
3885376.464,3746413.396,662,662,301,בית עוזיאל,461,31,מושבים (כפרים שיתופיים) (ב),BET UZZI'EL,31.7026371030615,34.9336111648155
3968881.49,3927221.814,663,663,303,דן,421,33,קיבוצים,DAN,33.2326614360215,35.5992872050255
3953410.54,3821336.018,664,664,304,שדה אליהו,656,33,קיבוצים,SEDE ELIYYAHU,32.3366420648450,35.4763185136381
3957534.236,3844958.052,665,665,305,גשר,494,33,קיבוצים,GESHER,32.5365347930805,35.5091112306656
3944664.367,3855107.443,666,666,306,שדמות דבורה,367,31,מושבים (כפרים שיתופיים) (ב),SHADMOT DEVORA,32.6224202553046,35.4067279946935
3952081.245,3861699.099,667,667,307,הזורעים,400,31,מושבים (כפרים שיתופיים) (ב),HAZORE'IM,32.6781997035964,35.4657451239099
3959665.98,3893950.05,668,668,308,מחניים,361,33,קיבוצים,MAHANAYIM,32.9511114426406,35.5260588266125
3863363.803,3713901.84,669,669,309,נהורה,1020,35,ישובים כפריים יהודים אחרים,NEHORA,31.4275200886012,34.7573394168855
3888490.477,3852841.96,670,670,312,נווה ים,188,33,קיבוצים,NEWE YAM,32.6032494470447,34.9585207299836
3910409.896,3874032.016,671,671,313,אפק,432,33,קיבוצים,AFEQ,32.7825624508200,35.1336709577191
3860889.186,3718984.245,672,672,315,נגבה,407,33,קיבוצים,NEGBA,31.4705280646459,34.7375026963675
3881920.719,3799571.165,673,673,316,כפר נטר,510,31,מושבים (כפרים שיתופיים) (ב),KEFAR NETTER,32.1524650543657,34.9059602827632
3896763.043,3859737.695,674,674,317,בית אורן,299,33,קיבוצים,BET OREN,32.6616020536173,35.0246623846800
3830889.244,3665068.555,675,675,318,עמיעוז,221,31,מושבים (כפרים שיתופיים) (ב),AMMI'OZ,31.0142864854521,34.4966901110800
3965331.744,3918891.875,676,676,319,עמיר,579,33,קיבוצים,AMIR,33.1621724130402,35.5710870952135
3865621.564,3726527.758,677,677,320,כפר ורבורג,745,31,מושבים (כפרים שיתופיים) (ב),KEFAR WARBURG,31.5343622505229,34.7754341675756
3968150.647,3925362.917,678,678,324,שאר ישוב,327,31,מושבים (כפרים שיתופיים) (ב),SHE'AR YASHUV,33.2169312076800,35.5934819099745
3913718.667,3903607.448,679,679,325,מצובה,507,33,קיבוצים,MAZZUVA,33.0328336042800,35.1600816410652
3884030.109,3807220.655,680,680,326,בית יצחק-שער חפר,1560,31,מושבים (כפרים שיתופיים) (ב),BET YIZHAQ-SH. HEFER,32.2171960352524,34.9228393805173
3884220.352,3827886.512,681,681,327,שדות ים,634,33,קיבוצים,SEDOT YAM,32.3920731956876,34.9243615307558
3965596.59,3920138.743,682,682,329,שדה נחמיה,383,33,קיבוצים,SEDE NEHEMYA,33.1727235694799,35.5731914024982
3956895.481,3856508.191,683,683,330,אלומות,247,33,קיבוצים,ALUMMOT,32.6342735738400,35.5040324460127
3880936.051,3757113.72,684,684,331,ניר צבי,945,31,מושבים (כפרים שיתופיים) (ב),NIR ZEVI,31.7931846340363,34.8980800500740
3864987.306,3739032.276,685,685,334,קבוצת יבנה,1030,33,קיבוצים,QEVUZAT YAVNE,31.6401771015494,34.7703512743804
3906558.614,3843763.342,686,686,335,רמת השופט,557,33,קיבוצים,RAMAT HASHOFET,32.5264249988508,35.1029205098311
3856780.465,3698624.414,687,687,336,דורות,500,33,קיבוצים,DOROT,31.2982405218468,34.7045576832258
3873420.946,3714549.829,688,688,340,גת (קיבוץ),392,33,קיבוצים,GAT(QIBBUZ),31.4330034590810,34.8379153781999
3853092.103,3709858.361,689,689,342,גברעם,311,33,קיבוצים,GEVAR'AM,31.3933036428286,34.6749734722552
3954902.753,3831183.239,690,690,343,חמדיה,347,33,קיבוצים,HAMADYA,32.4199705322624,35.4881863375862
3899095.42,3823585.933,691,691,344,מענית,459,33,קיבוצים,MA'ANIT,32.3556811415583,35.0433020053676
3969336.858,3921159.998,692,692,345,כפר סאלד,455,33,קיבוצים,KEFAR SZOLD,33.1813655653369,35.6029041416853
3913711.48,3736289.21,693,693,208,מוצא עילית,796,35,ישובים כפריים יהודים אחרים,MOZA ILLIT,31.6169649247912,35.1600242859524
3884989.609,3808732.936,694,694,233,כפר ידידיה,489,31,מושבים (כפרים שיתופיים) (ב),KEFAR YEDIDYA,32.2299931542000,34.9305161836200
3905425.291,3892673.074,695,695,282,שבי ציון,619,32,מושבים שיתופיים,SHAVE ZIYYON,32.9403055046442,35.0938695925895
3920465.539,3903723.177,696,696,294,אילון,635,33,קיבוצים,ELON,33.0338129166903,35.2139121164900
3967237.71,3925863.899,697,697,302,דפנה,553,33,קיבוצים,DAFNA,33.2211705867178,35.5862296639266
3896741.789,3829898.846,698,698,310,כפר גליקסון,284,33,קיבוצים,KEFAR GLIKSON,32.4091018342866,35.0244925169755
3963555.595,3923060.357,699,699,322,בית הלל,550,31,מושבים (כפרים שיתופיים) (ב),BET HILLEL,33.1974466441800,35.5569736557896
3942188.936,3841099.823,700,700,339,רמת צבי,388,31,מושבים (כפרים שיתופיים) (ב),RAMAT ZEVI,32.5038859561800,35.3870222346000
3956810.264,3921242.248,701,701,347,מנרה,248,33,קיבוצים,MENARA,33.1820615747996,35.5033548570111
3850058.766,3700242.024,702,702,348,ניר עם,301,33,קיבוצים,NIR AM,31.3119289484350,34.6506362687145
3836717.814,3660108.006,703,703,352,גבולות,251,33,קיבוצים,GEVULOT,30.9723096759501,34.5435244229595
3909027.344,3855766.616,704,704,353,בית זיד,208,35,ישובים כפריים יהודים אחרים,BET ZEID#,32.6279982636326,35.1226331762102
3865159.346,3638336.504,705,705,354,רביבים,644,33,קיבוצים,REVIVIM,30.7880763957787,34.7717300213216
3892910.532,3781484.275,706,706,355,חורשים,221,33,קיבוצים,HORESHIM,31.9994114364393,34.9938662098667
3965243.283,3924831.659,707,707,356,הגושרים,526,33,קיבוצים,HAGOSHERIM,33.2124356375829,35.5703842333800
3964073.115,3918182.075,708,708,357,כפר בלום,527,33,קיבוצים,KEFAR BLUM,33.1561659940558,35.5610861352498
3846980.372,3709387.428,709,709,358,יד מרדכי,699,33,קיבוצים,YAD MORDEKHAY,31.3893185511652,34.6259311761077
3855611.279,3726007.834,710,710,359,ניצנים,375,33,קיבוצים,NIZZANIM,31.5299625878133,34.6951806908854
3900742.806,3835420.671,711,711,360,"גבעת ניל""י",384,31,מושבים (כפרים שיתופיים) (ב),GIV'AT NILI,32.4558282283185,35.0564651463526
3873671.699,3735741.603,712,712,363,חפץ חיים,382,33,קיבוצים,HAFEZ HAYYIM,31.6123310046544,34.8399234837600
3890288.564,3736246.859,713,713,364,כפר אוריה,416,31,מושבים (כפרים שיתופיים) (ב),KEFAR URIYYA,31.6166065460050,34.9729009502585
3940338.82,3857650.629,714,714,365,בית קשת,297,33,קיבוצים,BET QESHET,32.6439410252698,35.3722915762721
3969655.589,3917166.205,715,715,366,שמיר,546,33,קיבוצים,SHAMIR,33.1475695629746,35.6054356968892
3951808.826,3892485.715,716,716,368,בירייה,771,35,ישובים כפריים יהודים אחרים,BIRIYYA,32.9387200545511,35.4635781166827
3904730.42,3836616.777,717,717,369,גלעד (אבן יצחק),393,33,קיבוצים,GAL'ED (EVEN YIZHAQ),32.4659498379961,35.0883198007915
3886853.234,3747015.094,718,718,370,גזר,340,33,קיבוצים,GEZER,31.7077287447775,34.9454249465809
3957712.746,3908675.973,719,719,372,רמות נפתלי,414,31,מושבים (כפרים שיתופיים) (ב),RAMOT NAFTALI,33.0757241169498,35.5105305210160
3888596.348,3809825.703,720,720,373,בית הלוי,502,31,מושבים (כפרים שיתופיים) (ב),BET HALEWI,32.2392402843418,34.9593674957561
3951479.937,3879127.586,721,721,374,חוקוק,265,33,קיבוצים,HUQOQ,32.8256818281362,35.4609618422178
3900103.422,3814027.626,722,722,375,מגל,490,33,קיבוצים,MAGGAL,32.2747975036418,35.0513564883802
3894326.307,3813017.393,723,723,377,המעפיל,465,33,קיבוצים,HAMA'PIL,32.2662487858676,35.0051847987180
3957303.136,3928105.63,724,724,378,משגב עם,236,33,קיבוצים,MISGAV AM,33.2401403991244,35.5072737667014
3890018.336,3802613.423,725,725,379,גאולים,670,31,מושבים (כפרים שיתופיים) (ב),GE'ULIM,32.1782090403600,34.9707399450366
3968083.8,3914086.111,726,726,380,להבות הבשן,423,33,קיבוצים,LAHAVOT HABASHAN,33.1215054137745,35.5929509031108
3952106.313,3825143.255,727,727,383,"עין הנצי""ב",537,33,קיבוצים,EN HANAZIV,32.3688593993807,35.4659445267618
3956404.059,3885632.081,728,728,385,עמיעד,429,33,קיבוצים,AMMI'AD,32.8807237086950,35.5001249290419
3885104.683,3797630.565,729,729,386,בני דרור,841,32,מושבים שיתופיים,BENE DEROR,32.1360434406876,34.9314368249380
3886817.568,3809063.434,730,730,387,כפר מונש,690,31,מושבים (כפרים שיתופיים) (ב),KEFAR MONASH,32.2327898690033,34.9451396506144
3946169.47,3851151.076,731,731,388,כפר קיש,295,31,מושבים (כפרים שיתופיים) (ב),KEFAR KISCH,32.5889409638981,35.4187073618722
3882771.358,3791361.332,732,732,389,בצרה,671,31,מושבים (כפרים שיתופיים) (ב),BAZRA,32.0829923756344,34.9127673620974
3871244.431,3724184.726,733,733,392,קדמה,95,34,ישובים מוסדיים יהודים,QEDMA,31.5145352092089,34.8204833770622
3879248.119,3715271.662,734,734,393,גלאון,287,33,קיבוצים,GAL'ON,31.4391117033378,34.8845700993377
3867207.914,3686477.145,735,735,394,שובל,505,33,קיבוצים,SHOVAL,31.1954487602242,34.7881458422863
3864896.413,3680101.382,736,736,395,משמר הנגב,592,33,קיבוצים,MISHMAR HANEGEV,31.1414962195608,34.7696228485701
3863543.865,3663853.789,737,737,397,חצרים,791,33,קיבוצים,HAZERIM,31.0040069807890,34.7587826420455
3852060.546,3685371.658,738,738,398,שרשרת,283,31,מושבים (כפרים שיתופיים) (ב),SHARSHERET,31.1860939849434,34.6666977422787
3839571.618,3687969.736,739,739,399,בארי,753,33,קיבוצים,BE'ERI,31.2080792542985,34.5664471950545
3869800.463,3707743.798,740,740,400,אבן שמואל,501,35,ישובים כפריים יהודים אחרים,EVEN SHEMU'EL,31.3754099399245,34.8089166648670
3824665.306,3663589.036,741,741,402,ניר יצחק,576,33,קיבוצים,NIR YIZHAQ,31.0017666030334,34.4466535068354
3843169.945,3672364.096,742,742,403,אורים,413,33,קיבוצים,URIM,31.0760223034733,34.5953423727559
3905233.73,3738115.18,743,743,405,נווה אילן,338,32,מושבים שיתופיים,NEWE ILAN,31.6324165219520,35.0923396702352
3865061.184,3733437.677,744,744,406,חצור-אשדוד,560,33,קיבוצים,HAZOR-ASHDOD,31.5928348845609,34.7709433419356
3935090.728,3848454.293,745,745,407,דברת,278,33,קיבוצים,DAVERAT,32.5661204296200,35.3304933843215
3920716.059,3894815.143,746,746,409,יחיעם,362,33,קיבוצים,YEHI'AM,32.9584319761701,35.2159103155733
3844399.755,3659217.82,747,747,413,צאלים,444,33,קיבוצים,ZE'ELIM,30.9647768088646,34.6052159441821
3860292.531,3691029.714,748,748,414,קלחים,262,31,מושבים (כפרים שיתופיים) (ב),QELAHIM,31.2339731843441,34.7327192433183
3843234.076,3687753.536,749,749,415,שוקדה,183,31,מושבים (כפרים שיתופיים) (ב),SHOQEDA,31.2062497443466,34.5958572769094
3963803.463,3927108.357,750,750,416,מעיין ברוך,305,33,קיבוצים,MA'YAN BARUKH,33.2317013457492,35.5589433621394
3878596.304,3795901.407,751,751,417,יקום,523,33,קיבוצים,YAQUM,32.1214110874134,34.8793525490841
3881806.045,3792252.43,752,752,418,בני ציון,742,31,מושבים (כפרים שיתופיים) (ב),BENE ZIYYON,32.0905329699193,34.9050425935882
3844453.843,3693992.47,753,753,419,סעד,582,33,קיבוצים,SA'AD,31.2590444150211,34.6056501638855
3886650.087,3816109.158,754,754,422,חרב לאת,721,31,מושבים (כפרים שיתופיים) (ב),HEREV LE'ET,32.2924116998084,34.9437999098119
3887701.191,3810969.311,755,755,423,העוגן,542,33,קיבוצים,HAOGEN,32.2489176436881,34.9522077121222
3851468.256,3698778.634,756,756,424,גבים,372,33,קיבוצים,GEVIM,31.2995455528609,34.6619457300211
3869533.498,3756114.681,757,757,311, ,0,0, , ,31.7847306356373,34.8067780222185
3905643.044,3846184.669,758,758,367, ,0,0, , ,32.5469145850800,35.0956086753533
3907614.76,3894436.726,759,759,376, ,0,0, , ,32.9552297602800,35.1113542870571
3907181.474,3892184.9,760,760,390, ,0,0, , ,32.9361745136395,35.1078944046692
3887359.143,3793284.275,761,761,425,משמרת,482,31,מושבים (כפרים שיתופיים) (ב),MISHMERET,32.0992645710369,34.9494717487205
3891570.371,3864346.63,762,762,427,כפר גלים,285,34,ישובים מוסדיים יהודים,KEFAR GALLIM,32.7006034582200,34.9831508674065
3856691.387,3705396.123,763,763,428,ברור חיל,462,33,קיבוצים,BEROR HAYIL,31.3555436053257,34.7038433039453
3915324.713,3859510.495,764,764,429,אלוני אבא,283,32,מושבים שיתופיים,ALLONE ABBA,32.6596794529114,35.1728984400100
3917543.277,3860080.663,765,765,430,בית לחם הגלילית,570,31,מושבים (כפרים שיתופיים) (ב),BET LEHEM HAGELILIT,32.6645042863770,35.1906004386548
3950407.804,3897533.323,766,766,431,דלתון,688,31,מושבים (כפרים שיתופיים) (ב),DALTON,32.9814335653445,35.4524326188762
3906818.282,3888753.038,767,767,432,שמרת,358,33,קיבוצים,SHAMERAT,32.9071336612200,35.1049941430864
3887351.593,3844118.25,768,768,433,נחשולים,399,33,קיבוצים,NAHSHOLIM,32.5294282746158,34.9494113566524
3891407.439,3862400.546,769,769,434,החותרים,495,33,קיבוצים,HAHOTERIM,32.6841354393751,34.9818480532700
3938187.711,3847734.041,770,770,436,עין דור,783,33,קיבוצים,EN DOR,32.5600255715609,35.3551614549900
3949256.928,3826624.905,771,771,437,רשפים,357,33,קיבוצים,RESHAFIM,32.3813973142658,35.4432760928904
3949747.519,3825406.51,772,772,439,שלוחות,414,33,קיבוצים,SHELUHOT,32.3710871038421,35.4471794129647
3880036.727,3739119.015,773,773,440,יסודות,362,32,מושבים שיתופיים,YESODOT,31.6409111041727,34.8908822350469
3936125.878,3835596.151,774,774,442,גדעונה,161,35,ישובים כפריים יהודים אחרים,GID'ONA,32.4573131673151,35.3387392874540
3963352.957,3891908.165,775,775,443,כפר הנשיא,489,33,קיבוצים,KEFAR HANASI,32.9338327460031,35.5553633330503
3899822.137,3832254.634,776,776,444,רגבים,256,33,קיבוצים,REGAVIM,32.4290368170811,35.0491089383422
3879295.113,3798272.262,777,777,446,אודים,661,31,מושבים (כפרים שיתופיים) (ב),UDIM,32.1414735643238,34.8849462598844
3884739.993,3804443.016,778,778,447,נורדייה,2020,18,"2000-9999 תושבים,ישובים יהודים",NORDIYYA,32.1936912907766,34.9285191058026
3886580.294,3766479.022,779,779,448,בני עטרות,548,31,מושבים (כפרים שיתופיים) (ב),BENE ATAROT,31.8724350368903,34.9432416121549
3886374.821,3770957.703,780,780,449,נחלים,1920,31,מושבים (כפרים שיתופיים) (ב),NEHALIM,31.9103342151166,34.9415979254400
3886189.46,3768741.052,781,781,450,בארות יצחק,417,33,קיבוצים,BE'EROT YIZHAQ,31.8915766326984,34.9401151110806
3931987.836,3837217.155,782,782,452,יזרעאל,464,33,קיבוצים,YIZRE'EL,32.4710303115346,35.3057716636627
3957562.457,3912184.298,783,783,453,יפתח,492,33,קיבוצים,YIFTAH,33.1054120249692,35.5093356090200
3908382.635,3899130.17,784,784,454,סער,367,33,קיבוצים,SA'AR,32.9949462911962,35.1174856172830
3903515.941,3736621.728,785,785,456,שורש,374,32,מושבים שיתופיים,SHORESH,31.6197787369705,35.0786192081165
3945952.16,3847303.335,786,786,457,גזית,581,33,קיבוצים,GAZIT,32.5563808825531,35.4169778503214
3904326.748,3733671.385,787,787,460,רמת רזיאל,382,31,מושבים (כפרים שיתופיים) (ב),RAMAT RAZI'EL,31.5948125528912,35.0850956049118
3885439.787,3737840.649,788,788,462,טל שחר,729,31,מושבים (כפרים שיתופיים) (ב),TAL SHAHAR,31.6300934050241,34.9341177651591
3918800.702,3896229.946,789,789,463,געתון,422,33,קיבוצים,GA'TON,32.9704042216200,35.2006319736498
3890810.715,3738359.39,790,790,464,הראל,145,33,קיבוצים,HAR'EL,31.6344830532419,34.9770764482142
3854955.413,3729254.69,791,791,351,ניצן,454,35,ישובים כפריים יהודים אחרים,NIZZAN,31.5574379000723,34.6899201713334
3863344.623,3697453.52,792,792,362,רוחמה,384,33,קיבוצים,RUHAMA,31.2883322713119,34.7571856831724
3941519.761,3855892.38,793,793,371,כדורי,203,34,ישובים מוסדיים יהודים,KADOORIE,32.6290624925982,35.3816945261792
3881925.668,3816667.864,794,794,382,מכמורת,1050,31,מושבים (כפרים שיתופיים) (ב),MIKHMORET,32.2971395424945,34.9059998924530
3883107.622,3661801.351,795,795,396,נבטים,753,31,מושבים (כפרים שיתופיים) (ב),NEVATIM,30.9866389791001,34.9154581147186
3962667.374,3916550.58,796,796,408,נאות מרדכי,489,33,קיבוצים,NE'OT MORDEKHAY,33.1423600659308,35.5499149541110
3872363.076,3633387.735,797,797,421,משאבי שדה,462,33,קיבוצים,MASH'ABBE SADE,30.7461992703641,34.8294431552861
3891259.924,3852518.178,798,798,426,עין כרמל,417,33,קיבוצים,EN KARMEL,32.6005095583411,34.9806684979429
3876662.651,3753214.294,799,799,435,נצר סרני,499,33,קיבוצים,NEZER SERENI,31.7601871865428,34.8638726385705
3902427.486,3841911.999,800,800,445,רמות מנשה,447,33,קיבוצים,RAMOT MENASHE,32.5107586921994,35.0699243794300
3877259.938,3763284.936,801,801,466,בית דגן,4830,18,"2000-9999 תושבים,ישובים יהודים",BET DAGAN,31.8454062698100,34.8686545043500
3876336.812,3745165.151,802,802,469,קריית עקרון,9600,18,"2000-9999 תושבים,ישובים יהודים",QIRYAT EQRON,31.6920742899115,34.8612638739398
3908446.603,3737870.334,803,803,472,אבו גוש,5170,28,"2000-9999 תושבים,ישובים לא יהודים",ABU GHOSH,31.6303446051314,35.1179963710511
3914982.099,3890115.701,804,804,473,אבו סנאן,10800,27,"10000-19999 תושבים,ישובים לא יהודים",ABU SINAN,32.9186646832200,35.1701644112739
3934503.356,3845133.266,805,805,475,דחי,498,45,ישובים כפריים אחרים לא יהודים,DAHI,32.5380174754693,35.3258141163477
3932337.279,3853168.416,806,806,478,אכסאל,10300,27,"10000-19999 תושבים,ישובים לא יהודים",IKSAL,32.6060119548121,35.3085561116385
3938216.016,3890666.19,807,807,480,בית ג'ן,9430,28,"2000-9999 תושבים,ישובים לא יהודים",BEIT JANN,32.9233229915459,35.3553868761346
3941187.169,3880443.042,808,808,481,מגאר,17900,27,"10000-19999 תושבים,ישובים לא יהודים",MUGHAR,32.8368133853929,35.3790464362102
3937293.933,3869886.295,809,809,482,בועיינה-נוג'ידאת,7090,28,"2000-9999 תושבים,ישובים לא יהודים",BU'EINE-NUJEIDAT,32.7474808179728,35.3480430150987
3926774.735,3885863.91,810,810,483,בענה,6720,28,"2000-9999 תושבים,ישובים לא יהודים",BI'NE,32.8826854798553,35.2642223750262
3916305.365,3887516.349,811,811,485,ג'ולס,5010,28,"2000-9999 תושבים,ישובים לא יהודים",JULIS,32.8966686293633,35.1807235059900
3866853.154,3747464.318,812,812,2660,יבנה,31700,16,"20000-49999 תושבים,ישובים יהודים",YAVNE,31.7115301408839,34.7853032462023
3912963.459,3832041.748,813,813,2710,אום אל-פחם,38000,26,"20000-49999 תושבים,ישובים לא יהודים",UMM AL-FAHM,32.4272353438576,35.1540542179701
3891330.023,3793971.379,814,814,2720,טירה,19300,27,"10000-19999 תושבים,ישובים לא יהודים",TIRE,32.1050789393220,34.9812290222241
3897329.402,3798326.679,815,815,2730,טייבה,30400,26,"20000-49999 תושבים,ישובים לא יהודים",TAYIBE,32.1419340539050,35.0291888941639
3960302.246,3923368.915,816,816,2800,קריית שמונה,21600,16,"20000-49999 תושבים,ישובים יהודים",QIRYAT SHEMONA,33.2000577019198,35.5311166104340
3909034.217,3717383.79,817,817,3488,כפר עציון,408,33,קיבוצים,KEFAR EZYON,31.4569848062432,35.1226880579700
3945779.593,3761770.207,818,818,3555,נתיב הגדוד,132,31,מושבים (כפרים שיתופיים) (ב),NETIV HAGEDUD,31.8325884300047,35.4156044097961
3947582.338,3735473.747,819,819,3556,אלמוג,155,33,קיבוצים,ALMOG,31.6100643690846,35.4299512070600
3914080.84,3791915.23,820,820,3557,קדומים,2800,18,"2000-9999 תושבים,ישובים יהודים",QEDUMIM,32.0876795374264,35.1629720589545
3945382.732,3765524.021,821,821,3558,תומר,303,31,מושבים (כפרים שיתופיים) (ב),TOMER,31.8643536962850,35.4124457705751
3900095.046,3778046.277,822,822,3560,אלקנה,3030,18,"2000-9999 תושבים,ישובים יהודים",ELQANA,31.9703186505008,35.0512895602946
3912155.704,3716051.181,823,823,3561,מגדל עוז,268,33,קיבוצים,MIGDAL OZ,31.4457080906831,35.1476069705555
3935032.344,3757909.316,824,824,3564,כוכב השחר,1300,37,ישובים קהילתיים,KOKHAV HASHAHAR,31.7999170744316,35.3300282885431
3934111.291,3754642.065,825,825,3565,רימונים,509,37,ישובים קהילתיים,RIMMONIM,31.7722691682058,35.3226906184043
3948833.047,3771482.944,826,826,3566,יפית,102,31,מושבים (כפרים שיתופיים) (ב),YAFIT,31.9147788743865,35.4399034082800
3901750.163,3795205.852,827,827,3567,סלעית,439,31,מושבים (כפרים שיתופיים) (ב),SAL'IT,32.1155252060581,35.0645133486359
3911526.627,3824998.073,828,828,3568,ריחן,131,32,מושבים שיתופיים,REHAN,32.3676308560200,35.1425855668823
3915716.007,3818594.074,829,829,3569,מבוא דותן,279,37,ישובים קהילתיים,MEVO DOTAN,32.3134393799094,35.1760208353269
3917533.658,3777057.834,830,830,3570,אריאל,16300,17,"10000-19999 תושבים,ישובים יהודים",ARI'EL,31.9619543159441,35.1905236896534
3916828.139,3797938.393,831,831,3571,שבי שומרון,563,37,ישובים קהילתיים,SHAVE SHOMERON,32.1386483211014,35.1848946951448
3910159.188,3764092.84,832,832,3573,חלמיש,895,37,ישובים קהילתיים,HALLAMISH,31.8522428589605,35.1316694965142
3921187.818,3755597.529,833,833,3574,בית אל,4410,18,"2000-9999 תושבים,ישובים יהודים",BET EL,31.7803544335569,35.2196730420485
3910489.109,3747146.59,834,834,3575,בית חורון,826,37,ישובים קהילתיים,BET HORON,31.7088414862604,35.1343033260978
3940045.195,3739141.504,835,835,3576,מצפה יריחו,1370,37,ישובים קהילתיים,MIZPE YERIHO,31.6411014060252,35.3699535146870
3955710.761,3808812.865,836,836,3578,שדמות מחולה,487,32,מושבים שיתופיים,SHADMOT MEHOLA,32.2306695193788,35.4946119158741
3933253.696,3793885.718,837,837,3579,אלון מורה,1060,37,ישובים קהילתיים,ELON MORE,32.1043540652410,35.3158579707715
3954278.038,3785987.341,838,838,3598,ארגמן,167,31,מושבים (כפרים שיתופיים) (ב),ARGAMAN,32.0375169679900,35.4832180545260
3953688.715,3811807.398,839,839,3599,מחולה,311,31,מושבים (כפרים שיתופיים) (ב),MEHOLA,32.2560096449765,35.4785310076648
3909992.258,3719733.382,840,840,3602,ראש צורים,247,33,קיבוצים,ROSH ZURIM,31.4768673564545,35.1303368315634
3914944.735,3727034.196,841,841,3603,הר גילה,357,37,ישובים קהילתיים,HAR GILLO,31.5386477913612,35.1698662480022
3910055.962,3718180.754,842,842,3604,אלון שבות,3030,18,"2000-9999 תושבים,ישובים יהודים",ALLON SHEVUT,31.4637288122491,35.1308454029558
3950957.489,3778219.064,843,843,3605,משואה,142,31,מושבים (כפרים שיתופיים) (ב),MASSU'A,31.9717807999950,35.4568056655961
3946003.088,3763273.022,844,844,3606,גלגל,161,33,קיבוצים,GILGAL,31.8453054488363,35.4173831737496
3943258.431,3756560.834,845,845,3607,"ייט""ב",139,32,מושבים שיתופיים,YITAV,31.7885060393289,35.3955365039261
3941269.822,3772492.864,846,846,3608,מעלה אפרים,1430,35,ישובים כפריים יהודים אחרים,MA'ALE EFRAYIM,31.9233249478847,35.3797045282100
3940929.966,3706603.926,847,847,3610,מצפה שלם,191,33,קיבוצים,MIZPE SHALEM,31.3657641886524,35.3769985454846
3909656.421,3702812.118,848,848,3611,קריית ארבע,6580,18,"2000-9999 תושבים,ישובים יהודים",QIRYAT ARBA,31.3336774167122,35.1276556547247
3946847.207,3795179.741,849,849,3612,בקעות,147,31,מושבים (כפרים שיתופיים) (ב),BEQA'OT,32.1153042511864,35.4241010772520
3940294.646,3776913.458,850,850,3613,גיתית,95,31,מושבים (כפרים שיתופיים) (ב),GITTIT,31.9607325951787,35.3719398347881
3943329.647,3784555.381,851,851,3614,מכורה,119,31,מושבים (כפרים שיתופיים) (ב),MEKHORA,32.0253995382307,35.3961034315070
3945564.656,3769184.77,852,852,3615,פצאל,216,31,מושבים (כפרים שיתופיים) (ב),PEZA'EL,31.8953314284590,35.4138937253700
3931084.27,3735010.627,853,853,3616,מעלה אדומים,26500,16,"20000-49999 תושבים,ישובים יהודים",MA'ALE ADUMMIM,31.6061453866048,35.2985714260710
3925317.339,3757145.743,854,854,3617,עפרה,2060,18,"2000-9999 תושבים,ישובים יהודים",OFRA,31.7934556138542,35.2526033488500
3911895.346,3718957.849,855,855,3618,אלעזר,796,37,ישובים קהילתיים,EL'AZAR,31.4703046969273,35.1455287762715
3950035.937,3795941.65,856,856,3619,רועי,122,31,מושבים (כפרים שיתופיים) (ב),RO'I,32.1217516261237,35.4494740922190
3947227.054,3759166.949,857,857,3620,נירן,56,33,קיבוצים,NIRAN,31.8105593248181,35.4271239179200
3904025.791,3785137.436,858,858,3637,מעלה שומרון,527,37,ישובים קהילתיים,MA'ALE SHOMERON,32.0303249637841,35.0826917367404
3934050.307,3739843.134,859,859,3638,כפר אדומים,1790,37,ישובים קהילתיים,KEFAR ADUMMIM,31.6470386901612,35.3222047548047
3944231.496,3740611.711,860,860,3639,ורד יריחו,157,31,מושבים (כפרים שיתופיים) (ב),WERED YERIHO,31.6535424927900,35.4032824144945
3906836.125,3785921.064,861,861,3640,קרני שומרון,6100,18,"2000-9999 תושבים,ישובים יהודים",QARNE SHOMERON,32.0369561244789,35.1051366301268
3929298.65,3770330.895,862,862,3641,שילה,1710,37,ישובים קהילתיים,SHILO,31.9050300835205,35.2843407206718
3917750.427,3804065.138,863,863,3642,חמש,153,37,ישובים קהילתיים,HOMESH,32.1904936381525,35.1922531229485
3914677.852,3826660.326,864,864,3643,חיננית,639,37,ישובים קהילתיים,HINNANIT,32.3816970518352,35.1677364771206
3913944.483,3743262.324,865,865,3644,גבעון החדשה,1220,37,ישובים קהילתיים,GIV'ON HAHADASHA,31.6759723193115,35.1618838356192
3949736.924,3738134.428,866,866,3645,בית הערבה,52,33,קיבוצים,BET HAARAVA,31.6325794012200,35.4470951172240
3954800.878,3796328.661,867,867,3646,חמדת,92,37,ישובים קהילתיים,HEMDAT,32.1250265654846,35.4873761562267
3908952.196,3782948.407,868,868,3647,יקיר,862,37,ישובים קהילתיים,YAQIR,32.0118011099999,35.1220331838233
3899714.231,3753997.999,869,869,3648,מתתיהו,1380,32,מושבים שיתופיים,MATTITYAHU,31.7668189959361,35.0482467236780
3915401.2,3825696.157,870,870,3649,שקד,539,37,ישובים קהילתיים,SHAQED,32.3735381309230,35.1735087914694
3913558.937,3718915.92,871,871,3650,אפרתה,6810,18,"2000-9999 תושבים,ישובים יהודים",EFRATA,31.4699498848154,35.1588068430065
3930328.728,3747527.623,872,872,3651,מעלה מכמש,945,37,ישובים קהילתיים,MA'ALE MIKHMAS,31.7120658323743,35.2925503121512
3901910.052,3768073.417,873,873,3652,בית אריה,2480,18,"2000-9999 תושבים,ישובים יהודים",BET ARYE,31.8859270174767,35.0657907037494
3921771.405,3710447.936,874,874,3653,מעלה עמוס,258,37,ישובים קהילתיים,MA'ALE AMOS,31.3982927011608,35.2243274874165
3908772.188,3777350.051,875,875,3654,ברקן,1200,37,ישובים קהילתיים,BARQAN,31.9644270987516,35.1205959693336
3916808.35,3689026.297,876,876,3656,כרמל,301,32,מושבים שיתופיים,KARMEL,31.2170200096138,35.1847368044417
3914527.899,3686577.153,877,877,3657,מעון,320,32,מושבים שיתופיים,MA'ON,31.1962950383639,35.1665398128928
3915824.987,3763355.978,878,878,3658,עטרת,320,37,ישובים קהילתיים,ATERET,31.8460074312741,35.1768904312900
3921204.213,3750034.561,879,879,3659,פסגות,1180,37,ישובים קהילתיים,PESAGOT,31.7332798695110,35.2198038039864
3911711.951,3784565.607,880,880,3660,עמנואל,2350,18,"2000-9999 תושבים,ישובים יהודים",IMMANU'EL,32.0254860729201,35.1440648832925
3900366.877,3743337.891,881,881,3709,מבוא חורון,599,32,מושבים שיתופיים,MEVO HORON,31.6766117828891,35.0534615208270
3925716.441,3788653.504,882,882,3710,ברכה,817,37,ישובים קהילתיים,BERAKHA,32.0600783903339,35.2557853148624
3918648.919,3807633.658,883,883,3711,שא-נור,43,37,ישובים קהילתיים,SA-NUR,32.2206909191015,35.1994211319485
3910358.732,3800917.133,884,884,3712,ענב,492,37,ישובים קהילתיים,ENAV,32.1638548048000,35.1332625038600
3948105.126,3751500.753,885,885,3713,נעמי,129,31,מושבים (כפרים שיתופיים) (ב),NO'OMI,31.7456869826401,35.4341112907096
3928907.09,3740866.94,886,886,3715,עלמון,721,37,ישובים קהילתיים,ALMON,31.6557022695621,35.2812198519109
3909399.409,3819047.81,887,887,3717,חרמש,246,37,ישובים קהילתיים,HERMESH,32.3172789503982,35.1256037326881
3949492.6,3751554.823,888,888,3718,נחל אלישע,0,0,ללא סוג,NAHAL ELISHA,31.7461445235634,35.4451512082007
3899651.489,3706249.755,889,889,3719,תלם,76,32,מושבים שיתופיים,TELEM,31.3627671454200,35.0477453849534
3899131.585,3779443.423,890,890,3720,שערי תקווה,3650,18,"2000-9999 תושבים,ישובים יהודים",SHA'ARE TIQWA,31.9821414805645,35.0435909964464
3895316.383,3700719.313,891,891,3721,נחל דורן,0,-99,נקודה שאיננה יישוב,NAHAL DORAN,31.3159678327788,35.0130992752004
3885603.493,3683638.503,892,892,3722,אשכולות,220,37,ישובים קהילתיים,ESHKOLOT,31.1714277997808,34.9354274349696
3914599.814,3696004.569,893,893,3723,פני חבר,355,37,ישובים קהילתיים,PENE HEVER,31.2760710536719,35.1671137189305
3909509.776,3735020.174,894,894,465,צובה,616,33,קיבוצים,ZOVA,31.6062261783648,35.1264848855215
3893558.447,3727073.671,895,895,479,"בית ג,מאל",20,44,ישובים מוסדיים לא יהודים,BEIT JIMAL,31.5389818324731,34.9990462214145
3919509.6,3734432.332,896,896,3000,ירושלים,680500,11,ירושלים,JERUSALEM,31.6012517848865,35.2062869759308
3921696.887,3717784.136,897,897,3563,תקוע,1040,37,ישובים קהילתיים,TEQOA,31.4603725846961,35.2237331700239
3923994.683,3779009.63,898,898,3572,כפר תפוח,446,37,ישובים קהילתיים,KEFAR TAPPUAH,31.9784706741230,35.2420572758024
3948182.863,3730631.436,899,899,3601,קליה,257,33,קיבוצים,QALYA,31.5690881047234,35.4347298649205
3944648.653,3789444.001,900,900,3609,חמרה,136,31,מושבים (כפרים שיתופיים) (ב),HAMRA,32.0667676776696,35.4066029127353
3894286.942,3696995.35,901,901,3724,נגוהות,85,0,ללא סוג,NEGOHOT,31.2844551747882,35.0048701112313
3912097.856,3721170.154,902,902,3725,נווה דניאל,1020,37,ישובים קהילתיים,NEWE DANIYYEL,31.4890255088285,35.1471452254958
3903512.542,3772674.08,903,903,3727,עלי זהב,414,37,ישובים קהילתיים,ALE ZAHAV,31.9248584229600,35.0785920540676
3926645.257,3825777.94,904,904,3728,נחל גנת,0,-99,נקודה שאיננה יישוב,NAHAL GINNAT,32.3742301920575,35.2631901737130
3931689.906,3822515.285,905,905,3729,כדים,125,37,ישובים קהילתיים,KADDIM,32.3466211765736,35.3033976148269
3914624.026,3744750.034,906,906,3730,גבעת זאב,10600,17,"10000-19999 תושבים,ישובים יהודים",GIV'AT ZE'EV,31.6885615198407,35.1673069308502
3891449.936,3681617.536,907,907,3743,טנא,525,37,ישובים קהילתיים,TENE,31.1543261155577,34.9821878597400
3908721.166,3680118.562,908,908,3745,מצדות יהודה,420,32,מושבים שיתופיים,MEZADOT YEHUDA,31.1416416014561,35.1201885871585
3908679.189,3778662.995,909,909,3746,קריית נטפים,344,37,ישובים קהילתיים,QIRYAT NETAFIM,31.9755373982028,35.1198534373200
3911009.181,3753650.274,910,910,3747,דולב,909,37,ישובים קהילתיים,DOLEV,31.7638765077247,35.1384550228186
3922341.541,3785570.046,911,911,3749,יצהר,398,37,ישובים קהילתיים,YIZHAR,32.0339857657496,35.2288744276662
3897774.02,3785836.756,912,912,3750,אלפי מנשה,5250,18,"2000-9999 תושבים,ישובים יהודים",ALFE MENASHE,32.0362426970921,35.0327422549736
3934277.594,3775150.051,913,913,3751,מגדלים,143,37,ישובים קהילתיים,MIGDALIM,31.9458104148991,35.3240155293073
3922939.722,3770503.534,914,914,3752,מעלה לבונה,462,37,ישובים קהילתיים,MA'ALE LEVONA,31.9064909820083,35.2336447869363
3917518.505,3709204.073,915,915,3754,אספר,218,37,ישובים קהילתיים,ASFAR,31.3877669713990,35.1904027999741
3908903.041,3683735.326,916,916,3756,סוסיה,585,37,ישובים קהילתיים,SUSEYA,31.1722471294297,35.1216407262259
3933718.278,3822483.961,917,917,3758,גנים,147,37,ישובים קהילתיים,GANNIM,32.3463561145628,35.3195594594451
3898173.58,3704690.884,918,918,3759,אדורה,205,37,ישובים קהילתיים,ADORA,31.3495757815675,35.0359353969912
3930423.365,3786197.047,919,919,3762,איתמר,534,37,ישובים קהילתיים,ITAMAR,32.0392915252149,35.2933045175642
3926878.222,3743614.768,920,920,3763,גבע בנימין,1570,37,ישובים קהילתיים,GEVA BINYAMIN,31.6789547456194,35.2650473602505
3905104.408,3696929.414,921,921,3764,חגי,374,37,ישובים קהילתיים,HAGGAY,31.2838972188293,35.0913068089963
3926525.151,3773105.855,922,922,3765,עלי,1960,37,ישובים קהילתיים,ELI,31.9285121627082,35.2622326808032
3907328.148,3712054.359,923,923,3766,כרמי צור,579,37,ישובים קהילתיים,KARME ZUR,31.4118864626615,35.1090656405198
3911789.423,3759893.462,924,924,3767,נחליאל,231,37,ישובים קהילתיים,NAHALI'EL,31.8167071741555,35.1446832810795
3901968.287,3771424.848,925,925,3768,פדואל,1010,37,ישובים קהילתיים,PEDU'EL,31.9142872598109,35.0662559334254
3910595.11,3740594.508,926,926,3769,הר אדר,1730,35,ישובים כפריים יהודים אחרים,HAR ADAR,31.6533969124458,35.1351495416683
3898830.808,3754294.36,927,927,3770,חשמונאים,1950,35,ישובים כפריים יהודים אחרים,HASHMONA'IM,31.7693268434348,35.0411874926018
3923295.071,3747666.312,928,928,3779,כוכב יעקב,3250,18,"2000-9999 תושבים,ישובים יהודים",KOKHAV YA'AQOV,31.7132394367970,35.2364785042700
3908778.734,3723775.799,929,929,3780,ביתר עילית,20200,16,"20000-49999 תושבים,ישובים יהודים",BETAR ILLIT,31.5110748183020,35.1206482275497
3930696.8,3730959.755,930,930,3781,קדר,585,37,ישובים קהילתיים,QEDAR,31.5718663856280,35.2954836193808
3953957.417,3807548.88,931,931,3782,רותם,0,0,ללא סוג,ROTEM,32.2199735105950,35.4806680947011
3907450.795,3721285.449,932,932,3783,"נח""ל גבעות",0,0,ללא סוג,"NAHAL GEVA""OT",31.4900011458096,35.1100450087714
3897578.985,3683191.401,933,933,3784,שמעה,340,37,ישובים קהילתיים,SHIM'A,31.1676443612188,35.0311835593807
3952125.696,3805028.424,934,934,3785,משכיות,0,0,ללא סוג,MASKIYYOT,32.1986450891674,35.4660987131400
3944709.259,3721264.738,935,935,3786,אבנת,0,0,ללא סוג,AVENAT,31.4898258885438,35.4070853196133
3903337.267,3758441.93,936,936,3787,נעלה,492,35,ישובים כפריים יהודים אחרים,NA'ALE,31.8044241212838,35.0771919738046
3911381.332,3755130.314,937,937,3788,טלמון,1510,37,ישובים קהילתיים,TALMON,31.7764007962873,35.1414257620261
3907561.7,3783637.954,938,938,3790,נופים,398,35,ישובים כפריים יהודים אחרים,NOFIM,32.0176361530996,35.1109305976607
3897194.042,3789338.829,939,939,3791,צופים,997,35,ישובים כפריים יהודים אחרים,ZUFIM,32.0658776994910,35.0281070771607
3901164.528,3765751.391,940,940,3792,עפרים,810,35,ישובים כפריים יהודים אחרים,OFARIM,31.8662777302422,35.0598345495970
3904210.653,3800930.931,941,941,3793,אבני חפץ,891,37,ישובים קהילתיים,AVNE HEFEZ,32.1639715693690,35.0841683074950
3907342.039,3718596.34,942,942,3794,בת עין,685,37,ישובים קהילתיים,BAT AYIN,31.4672455624901,35.1091765685425
3910467.498,3778900.658,943,943,3795,רבבה,633,37,ישובים קהילתיים,REVAVA,31.9775485367671,35.1341308009602
3900421.883,3752679.464,944,944,3796,כפר האורנים,1240,35,ישובים כפריים יהודים אחרים,KEFAR HAORANIM,31.7556613856047,35.0539010152157
3900743.364,3754350.71,945,945,3797,מודיעין עילית,27386,0,ללא סוג,MODI'IN ILLIT,31.7698036843273,35.0564696056251
3896249.997,3869021.847,946,946,4000,חיפה,270800,13,חיפה,HAIFA,32.7401657466423,35.0205617912827
3983088.985,3921926.216,947,947,4001,בוקעאתא,5110,28,"2000-9999 תושבים,ישובים לא יהודים",BUQ'ATA,33.1878493944325,35.7120683897164
3977006.581,3869000.299,948,948,4002,אלי-עד,235,31,מושבים (כפרים שיתופיים) (ב),ELI-AD,32.7399834076958,35.6638023918523
3982072.849,3919076.152,949,949,4003,אל -רום,285,33,קיבוצים,EL-ROM,33.1637317816333,35.7040067678928
3970042.532,3863677.495,950,950,4004,כפר חרוב,230,33,קיבוצים,KEFAR HARUV,32.6949411490287,35.6085089420828
3984525.572,3874785.391,951,951,4005,חספין,1230,35,ישובים כפריים יהודים אחרים,HASPIN,32.7889376077731,35.7234644872731
3986354.862,3892328.962,952,952,4006,קשת,483,32,מושבים שיתופיים,QESHET,32.9373935897877,35.7379737415777
3984547.284,3886888.136,953,953,4007,יונתן,301,32,מושבים שיתופיים,YONATAN,32.8913526098926,35.7236367113509
3972207.121,3879755.119,954,954,4008,מעלה גמלא,279,31,מושבים (כפרים שיתופיים) (ב),MA'ALE GAMLA,32.8309920907068,35.6256990121500
3976195.559,3910563.184,955,955,4009,שעל,221,31,מושבים (כפרים שיתופיים) (ב),SHA'AL,33.0916939463290,35.6573647226891
3979670.287,3920977.316,956,956,4010,אודם,94,32,מושבים שיתופיים,ODEM,33.1798196809131,35.6849429663266
3981361.913,3871897.024,957,957,4011,אבני איתן,337,31,מושבים (כפרים שיתופיים) (ב),AVNE ETAN,32.7644958758582,35.6983660655199
3978625.717,3889680.424,958,958,4012,אניעם,336,31,מושבים (כפרים שיתופיים) (ב),ANI'AM,32.9149813114135,35.6766532890156
3980970.102,3906547.612,959,959,4013,אורטל,255,33,קיבוצים,ORTAL,33.0577136498342,35.6952572091179
3980058.488,3875809.164,960,960,4014,נטור,48,33,קיבוצים,NATUR,32.7976009114451,35.6880235299578
3972504.224,3868001.854,961,961,4015,בני יהודה,939,37,ישובים קהילתיים,BENE YEHUDA,32.7315344412285,35.6280582040331
3989749.882,3901127.626,962,962,4017,אלוני הבשן,234,32,מושבים שיתופיים,ALLONE HABASHAN,33.0118490282400,35.7648956728837
3978088.725,3864295.977,963,963,4019,מיצר,51,33,קיבוצים,MEZAR,32.7001748257914,35.6723914458045
3972055.342,3868622.206,964,964,4021,גבעת יואב,362,31,מושבים (כפרים שיתופיים) (ב),GIV'AT YO'AV,32.7367839395925,35.6244937701623
3975064.213,3870377.698,965,965,4022,גשור,142,33,קיבוצים,GESHUR,32.7516391351604,35.6483836590320
3979830.197,3927922.018,966,966,4023,נחל נמרוד,0,0,ללא סוג,NAHAL NIMROD,33.2385866509037,35.6862119433448
3973930.411,3914879.085,967,967,4024,קלע,60,37,ישובים קהילתיים,QELA,33.1282156578333,35.6393822049744
3974028.211,3898997,968,968,4025,קדמת צבי,310,31,מושבים (כפרים שיתופיים) (ב),QIDMAT ZEVI,32.9938193947075,35.6401586910108
3967354.501,3886182.215,969,969,4026,חד-נס,401,37,ישובים קהילתיים,HAD-NES,32.8853790149173,35.5871574722322
3974339.888,3878165.707,970,970,4028,כנף,261,31,מושבים (כפרים שיתופיים) (ב),KANAF,32.8175422867011,35.6426332169229
3973066.29,3894085.952,971,971,4100,קצרין,6280,18,"2000-9999 תושבים,ישובים יהודים",QAZRIN,32.9522614651525,35.6325212103093
3983017.875,3912851.094,972,972,4101,מרום גולן,367,33,קיבוצים,MEROM GOLAN,33.1110545384304,35.7115042567119
3981758.536,3930716.329,973,973,4201,מג'דל שמס,8240,28,"2000-9999 תושבים,ישובים לא יהודים",MAJDAL SHAMS,33.2622324726384,35.7015130005700
3980312.297,3926096.809,974,974,4203,מסעדה,3020,28,"2000-9999 תושבים,ישובים לא יהודים",MAS'ADE,33.2231414940483,35.6900375683532
3969113.775,3860300.924,975,975,4204,מבוא חמה,338,33,קיבוצים,MEVO HAMMA,32.6663681690964,35.6011322340927
3974553.193,3865862.187,976,976,4301,אפיק,219,33,קיבוצים,AFIQ,32.7134282939918,35.6443266876203
3978774.514,3930129.426,977,977,4303,"נווה אטי""ב",157,31,מושבים (כפרים שיתופיים) (ב),NEWE ATIV,33.2572660236262,35.6778341867802
3983372.894,3873084.275,978,978,4304,נוב,437,31,מושבים (כפרים שיתופיים) (ב),NOV,32.7745425425003,35.7143206817000
3977594.925,3926727.893,979,979,4502,עין קנייא,1730,45,ישובים כפריים אחרים לא יהודים,EIN QINIYYE,33.2284818146044,35.6684722263638
3984683.643,3907985.091,980,980,4503,עין זיוון,201,33,קיבוצים,EN ZIWAN,33.0698777862797,35.7247183367385
3973074.167,3866887.388,981,981,4551,נאות גולן,255,31,מושבים (כפרים שיתופיים) (ב),NE'OT GOLAN,32.7221036776814,35.6325837518777
3986307.455,3874954.515,982,982,4701,רמת מגשימים,444,32,מושבים שיתופיים,RAMAT MAGSHIMIM,32.7903687558461,35.7375977504232
3969736.904,3875667.991,983,983,4702,רמות,467,31,מושבים (כפרים שיתופיים) (ב),RAMOT,32.7964062863455,35.6060815424070
3871394.183,3773699.758,984,984,5000,תל אביב -יפו,360500,12,תל אביב - יפו,TEL AVIV - YAFO,31.9335378482740,34.8216828665999
3844014.067,3705908.655,985,985,5426,ניסנית,1000,35,ישובים כפריים יהודים אחרים,NISANIT,31.3598807175142,34.6021195392305
3840916.542,3708753.638,986,986,5428,אלי סיני,347,37,ישובים קהילתיים,ELE SINAY,31.3839553337255,34.5772481932615
3839367.053,3707379.159,987,987,5435,דוגית,65,37,ישובים קהילתיים,DUGIT,31.3723243132497,34.5648042354494
3900439.686,3818038.899,988,988,6000,באקה-ג'ת,19800,27,"10000-19999 תושבים,ישובים לא יהודים",BAQA -JATT,32.3087414151600,35.0540432587815
3877842.567,3774745.588,989,989,6100,בני ברק,138900,14,"100000-199999 תושבים,ישובים יהודים",BENE BERAQ,31.9423877901000,34.8733187876700
3868242.543,3765154.921,990,990,6200,בת ים,133900,14,"100000-199999 תושבים,ישובים יהודים",BAT YAM,31.8612303201063,34.7964355765000
3875078.907,3772541.314,991,991,6300,גבעתיים,47400,16,"20000-49999 תושבים,ישובים יהודים",GIV'ATAYIM,31.9237349415195,34.8511920407136
3877821.971,3785517.264,992,992,6400,הרצלייה,83300,15,"50000-99999 תושבים,ישובים יהודים",HERZLIYYA,32.0335391201400,34.8731539125602
3887406.426,3821061.892,993,993,6500,חדרה,74000,15,"50000-99999 תושבים,ישובים יהודים",HADERA,32.3343223767165,34.9498499588731
3872064.154,3764708.768,994,994,6600,חולון,165800,14,"100000-199999 תושבים,ישובים יהודים",HOLON,31.8574549179121,34.8270490256200
3954715.042,3867095.6,995,995,6700,טבריה,39800,16,"20000-49999 תושבים,ישובים יהודים",TIBERIAS,32.7238655966020,35.4866935230534
3907577.197,3869300.121,996,996,6800,קריית אתא,48800,16,"20000-49999 תושבים,ישובים יהודים",QIRYAT ATTA,32.7425205404877,35.1110543415100
3923884.133,3717145.587,997,997,3726,נוקדים,615,37,ישובים קהילתיים,NOQEDIM,31.4549691026274,35.2411757636460
3899545.104,3689918.585,998,998,3748,עתניאל,619,37,ישובים קהילתיים,OTNI'EL,31.2245706690853,35.0468953108430
3895320.752,3780399.303,999,999,3760,אורנית,5190,18,"2000-9999 תושבים,ישובים יהודים",ORANIT,31.9902302660457,35.0131341970927
3901348.847,3779002.919,1000,1000,3778,עץ אפרים,606,35,ישובים כפריים יהודים אחרים,EZ EFRAYIM,31.9784138835985,35.0613071496300
3883702.21,3756882.425,1001,1001,7000,לוד,66500,15,"50000-99999 תושבים,ישובים יהודים",LOD,31.7912273862600,34.9202157672048
3848370.217,3719636.77,1002,1002,7100,אשקלון,103200,14,"100000-199999 תושבים,ישובים יהודים",ASHQELON,31.4760498159979,34.6370859215853
3874166.747,3754050.499,1003,1003,7200,נס ציונה,25800,16,"20000-49999 תושבים,ישובים יהודים",NES ZIYYONA,31.7672632629492,34.8438878498881
3928802.52,3855578.264,1004,1004,7300,נצרת,61700,25,"50000-99999 תושבים,ישובים לא יהודים",NAZARETH,32.6264044053139,35.2803863728663
3880143.287,3804436.484,1005,1005,7400,נתניה,164800,14,"100000-199999 תושבים,ישובים יהודים",NETANYA,32.1936360114322,34.8917351289101
3929648.072,3877434.415,1006,1006,7500,סח'נין,22600,26,"20000-49999 תושבים,ישובים לא יהודים",SAKHNIN,32.8113539931600,35.2871256521825
3906144.148,3885683.448,1007,1007,7600,עכו,45800,16,"20000-49999 תושבים,ישובים יהודים",AKKO,32.8811583880200,35.0996106183200
3930183.627,3844248.611,1008,1008,7700,עפולה,38500,16,"20000-49999 תושבים,ישובים יהודים",AFULA,32.5305314115563,35.2913939120300
3892180.441,3825562.977,1009,1009,7800,פרדס חנה-כרכור,28800,16,"20000-49999 תושבים,ישובים יהודים",PARDES HANNA-KARKUR,32.3724111438219,34.9880288749365
3883202.561,3774834.122,1010,1010,7900,פתח תקווה,172600,14,"100000-199999 תושבים,ישובים יהודים",PETAH TIQWA,31.9431369804667,34.9162177969274
3905105.003,3873896.829,1011,1011,8200,קריית מוצקין,39400,16,"20000-49999 תושבים,ישובים יהודים",QIRYAT MOTZKIN,32.7814184853846,35.0913115570722
3872542.338,3759654.709,1012,1012,8300,ראשון לציון,211600,10,ראשון לציון,RISHON LEZIYYON,31.8146868149191,34.8308788718980
3875011.293,3749648.045,1013,1013,8400,רחובות,98800,15,"50000-99999 תושבים,ישובים יהודים",REHOVOT,31.7300091235800,34.8506506350362
3881661.948,3754203.054,1014,1014,8500,רמלה,62800,15,"50000-99999 תושבים,ישובים יהודים",RAMLA,31.7685541999143,34.9038894243265
3877014.363,3772238.217,1015,1015,8600,רמת גן,126600,14,"100000-199999 תושבים,ישובים יהודים",RAMAT GAN,31.9211700934313,34.8666884732927
3882120.915,3787983.021,1016,1016,8700,רעננה,68900,15,"50000-99999 תושבים,ישובים יהודים",RA'ANNANA,32.0544046748174,34.9075623612446
3915332.981,3869506.793,1017,1017,8800,שפרעם,30300,26,"20000-49999 תושבים,ישובים לא יהודים",SHEFAR'AM,32.7442694266167,35.1729644203422
3917893.399,3876091.768,1018,1018,8900,טמרה,24000,26,"20000-49999 תושבים,ישובים לא יהודים",TAMRA,32.7999923427600,35.1933937672908
3872405.294,3666130.177,1019,1019,9000,באר שבע,181500,14,"100000-199999 תושבים,ישובים יהודים",BE'ER SHEVA,31.0232700670009,34.8297812871866
3906748.526,3896925.717,1020,1020,9100,נהרייה,47400,16,"20000-49999 תושבים,ישובים יהודים",NAHARIYYA,32.9762919288600,35.1044370937572
3951521.879,3828337.476,1021,1021,9200,בית שאן,15900,17,"10000-19999 תושבים,ישובים יהודים",BET SHE'AN,32.3958893150980,35.4612954908645
3890824.757,3837929.673,1022,1022,9300,זכרון יעקב,14300,17,"10000-19999 תושבים,ישובים יהודים",ZIKHRON YA'AQOV,32.4770597301275,34.9771887322616
3883960.857,3767349.598,1023,1023,9400,יהוד,22000,16,"20000-49999 תושבים,ישובים יהודים",YEHUD,31.8798019626803,34.9222852826273
3906410.34,3873421.518,1024,1024,9500,קריית ביאליק,37100,16,"20000-49999 תושבים,ישובים יהודים",QIRYAT BIALIK,32.7773963356047,35.1017364167000
3904181.556,3875233.206,1025,1025,9600,קריית ים,38700,16,"20000-49999 תושבים,ישובים יהודים",QIRYAT YAM,32.7927270816557,35.0839359002987
3883495.479,3783579.764,1026,1026,9700,הוד השרון,38600,16,"20000-49999 תושבים,ישובים יהודים",HOD HASHARON,32.0171437394119,34.9185616194922
3890247.771,3832588.826,1027,1027,9800,בנימינה,2540,18,"2000-9999 תושבים,ישובים יהודים",BINYAMINA-GIVAT ADA,32.4318647903860,34.9725747329000
3914974.106,3566593.782,1028,1028,1262, ,0,0, , ,30.1809801558071,35.1701006248512
3898010.837,3526318.51,1029,1029,1267, ,0,0, , ,29.8401655669799,35.0346348270314
3887835.448,3713714.545,1030,1030,1325, ,0,0, , ,31.4259351754854,34.9532815821896
3892071.789,3651015.195,1031,1031,1342, ,0,0, , ,30.8953651332600,34.9871601296490
3867014.222,3677543.371,1032,1032,1346, ,0,0, , ,31.1198499991085,34.7865938543815
3886643.137,3669794.601,1033,1033,1359, ,0,0, , ,31.0542789029519,34.9437443148265
3893171.821,3665979.127,1034,1034,1360, ,0,0, , ,31.0219918626777,34.9959552213056
3881926.069,3810690.32,1035,1035,1361, ,0,0, , ,32.2465567915273,34.9060030998341
3855772.648,3728703.266,1036,1036,1419, ,0,0, , ,31.5527716839710,34.6964749386832
3862482.592,3675081.646,1037,1037,2021, ,0,0, , ,31.0990185657511,34.7502760439433
3908789.001,3790232.311,1038,1038,3041, ,0,0, , ,32.0734384600581,35.1207302013292
3903720.326,3817178.927,1039,1039,3042, ,0,0, , ,32.3014642231074,35.0802517940572
3924035.211,3787076.061,1040,1040,3046, ,0,0, , ,32.0467298572138,35.2423804434923
3903740.894,3706889.133,1041,1041,3068, ,0,0, , ,31.3681776543000,35.0804160862009
3910768.162,3797750.604,1042,1042,3069, ,0,0, , ,32.1370592320242,35.1365310089816
3903450.282,3746196.761,1043,1043,3070, ,0,0, , ,31.7008039076694,35.0780947344514
3921373.348,3724138.737,1044,1044,3073, ,0,0, , ,31.5141460445722,35.2211527702656
3901312.041,3748626.647,1045,1045,3075, ,0,0, , ,31.7213659180126,35.0610130877166
3891969.763,3699301.435,1046,1046,3076, ,0,0, , ,31.3039695686247,34.9863443628426
3901725.523,3691316.803,1047,1047,3079, ,0,0, , ,31.2364025716735,35.0643164957299
3913741.347,3714127.262,1048,1048,3080, ,0,0, , ,31.4294276372617,35.1602626536457
3933589.066,3787138.371,1049,1049,3081, ,0,0, , ,32.0472571363367,35.3185299949244
3936465.379,3825530.164,1050,1050,3082, ,0,0, , ,32.3721334784412,35.3414435564538
3926798.934,3781587.163,1051,1051,3085, ,0,0, , ,32.0002820873797,35.2644152855935
3928526.443,3782329.667,1052,1052,3086, ,0,0, , ,32.0065652526299,35.2781858558552
3922896.399,3753767.509,1053,1053,3088, ,0,0, , ,31.7648685633678,35.2332993058611
3909388.534,3759926.112,1054,1054,3089, ,0,0, , ,31.8169834615270,35.1255169117124
3928582.118,3790495.373,1055,1055,3090, ,0,0, , ,32.0756645252299,35.2786296290078
3908997.455,3807302.612,1056,1056,3091, ,0,0, , ,32.2178895632585,35.1223945416981
3904144.94,3753984.066,1057,1057,3092, ,0,0, , ,31.7667010933384,35.0836434352130
3913535.427,3700460.524,1058,1058,3093, ,0,0, , ,31.3137779237949,35.1586192126200
3949523.782,3814142.887,1059,1059,3095, ,0,0, , ,32.2757728588950,35.4453993034000
3915650.245,3761631.381,1060,1060,3096, ,0,0, , ,31.8314136727555,35.1754960812374
3907209.391,3772978.803,1061,1061,3097, ,0,0, , ,31.9274370310915,35.1081173304222
3925131.619,3823036.947,1062,1062,3102, ,0,0, , ,32.3510355523303,35.2511226039489
3930001.236,3807537,1063,1063,3137, ,0,0, , ,32.2198729866100,35.2899403208100
3932053.13,3776631.547,1064,1064,3139, ,0,0, , ,31.9583470228139,35.3062919501163
3914158.897,3762960.698,1065,1065,3142, ,0,0, , ,31.8426625258407,35.1635950013794
3901454.541,3758482.208,1066,1066,3655, ,0,0, , ,31.8047649620792,35.0621515702005
3840776.464,3703493.635,1067,1067,5103, ,0,0, , ,31.3394445073710,34.5761232899472
3822154.497,3677270.855,1068,1068,5104, ,0,0, , ,31.1175439336470,34.4264607287112
3824652.084,3685127.745,1069,1069,5405, ,0,0, , ,31.1840299587377,34.4465471784589
3816858.272,3672849.136,1070,1070,5407, ,0,0, , ,31.0801267753928,34.3838527216724
3830997.91,3695231.306,1071,1071,5408, ,0,0, , ,31.2695276030982,34.4975634838400
3820557.469,3682256.094,1072,1072,5410, ,0,0, , ,31.1597296776387,34.4136146704900
3819706.808,3681533.307,1073,1073,5423, ,0,0, , ,31.1536133583771,34.4067714882460
3818410.761,3681378.309,1074,1074,5424, ,0,0, , ,31.1523017450940,34.3963444264589
3812807.917,3674673.523,1075,1075,5425, ,0,0, , ,31.0955649738000,34.3512549027673
3815631.096,3678655.879,1076,1076,5427, ,0,0, , ,31.1292641833935,34.3739774047449
3815569.274,3677440.073,1077,1077,5429, ,0,0, , ,31.1189758802755,34.3734798839700
3813635.987,3676595.571,1078,1078,5431, ,0,0, , ,31.1118295944885,34.3579202240279
3813345.145,3675639.096,1079,1079,5432, ,0,0, , ,31.1037357772079,34.3555792236741
3810833.505,3673764.312,1080,1080,5433, ,0,0, , ,31.0878711096611,34.3353605457367
3811392.459,3674648.535,1081,1081,5434, ,0,0, , ,31.0953535230600,34.3398604867437
3915519.351,3866492.524,1082,1082,1199,עדי,1640,37,ישובים קהילתיים,ADI,32.7187622891120,35.1744515985732
3897724.411,3750013.464,1083,1083,1200,מודיעין-מכבים-רעות,530790,16,"20000-49999 תושבים,ישובים יהודים",MODI'IN-MAKKABBIM-RE'UT,31.7331013455741,35.0323457868259
3936233.195,3883637.679,1084,1084,1201,כמון,506,37,ישובים קהילתיים,KAMMON,32.8638468207000,35.3395941200078
3932886.127,3882985.989,1085,1085,1202,מכמנים,229,37,ישובים קהילתיים,MIKHMANNIM,32.8583321320428,35.3129293121043
3936894.009,3874867.496,1086,1086,1203,הררית,224,37,ישובים קהילתיים,HARARIT,32.7896323925215,35.3448576647096
3922445.328,3882537.888,1087,1087,1204,גילון,906,37,ישובים קהילתיים,GILON,32.8545402451944,35.2297021171438
3918090.557,3900420.839,1088,1088,1205,מנות,343,31,מושבים (כפרים שיתופיים) (ב),MANOT,33.0058681000741,35.1949666850575
3924059.696,3890942.254,1089,1089,1206,גיתה,220,37,ישובים קהילתיים,GITTA,32.9256590851832,35.2425756793386
3928121.846,3887656.478,1090,1090,1207,לבון,0,0,ללא סוג,LAVON,32.8978544199591,35.2749608540050
3923346.827,3900065.453,1091,1091,1208,הילה,397,37,ישובים קהילתיים,HILLA,33.0028607793948,35.2368912260237
3932713.932,3889557.972,1092,1092,1209,חרשים,165,37,ישובים קהילתיים,HARASHIM,32.9139451088417,35.3115572890979
3952903.25,3881013.922,1093,1093,1210,כחל,357,31,מושבים (כפרים שיתופיים) (ב),KAHAL,32.8416442448970,35.4722836088930
3949064.25,3881806.35,1094,1094,1211,קדרים,110,33,קיבוצים,QADDARIM,32.8483498787473,35.4417430309369
3954598.596,3894989.075,1095,1095,1212,עמוקה,216,37,ישובים קהילתיים,AMUQQA,32.9599038041400,35.4857674454057
3942660.402,3898752.54,1096,1096,1213,צבעון,85,33,קיבוצים,ZIV'ON,32.9917507382651,35.3907756815522
3944152.525,3878134.391,1097,1097,1214,טפחות,255,31,מושבים (כפרים שיתופיים) (ב),TEFAHOT,32.8172772861128,35.4026537999332
3923968.2,3903257.787,1098,1098,1219,גורנות הגליל,181,35,ישובים כפריים יהודים אחרים,GORNOT HAGALIL,33.0298747236045,35.2418461083089
3887019.539,3786625.743,1099,1099,6900,כפר סבא,77800,15,"50000-99999 תושבים,ישובים יהודים",KEFAR SAVA,32.0429192075005,34.9467552490133
3952014.583,3890867.611,1100,1100,8000,צפת,26400,16,"20000-49999 תושבים,ישובים יהודים",ZEFAT,32.9250274491057,35.4652148518210
3928145.438,3900393.773,1101,1101,1220,אבירים,182,37,ישובים קהילתיים,ABBIRIM,33.0056390693853,35.2751489092000
3924239.048,3882416.724,1102,1102,1221,צורית,701,37,ישובים קהילתיים,ZURIT,32.8535149441763,35.2440057910886
3918496.236,3873641.822,1103,1103,1222,"מצפה אבי""ב",582,37,ישובים קהילתיים,MIZPE AVIV,32.7792605786860,35.1982030978572
3822306.656,3660341.198,1104,1104,1223,שדי אברהם,165,31,מושבים (כפרים שיתופיים) (ב),SEDE AVRAHAM,30.9742829713412,34.4276845702700
3895593.141,3792389.374,1105,1105,1224,כוכב יאיר,4840,18,"2000-9999 תושבים,ישובים יהודים",KOKHAV YA'IR,32.0916918039600,35.0153115030161
3947817.358,3875470.94,1106,1106,1225,רביד,48,33,קיבוצים,RAVID,32.7947388117554,35.4318213985687
3926293.261,3879137.268,1107,1107,1226,יובלים,974,37,ישובים קהילתיים,YUVALLIM,32.8257637577400,35.2603840055144
3821244.525,3659644.957,1108,1108,1227,יתד,180,31,מושבים (כפרים שיתופיים) (ב),YATED,30.9683912905800,34.4191413768941
3947215.594,3878646.548,1109,1109,1229,כלנית,206,31,מושבים (כפרים שיתופיים) (ב),KALLANIT,32.8216112239200,35.4270327217260
3951003.547,3877245.948,1110,1110,1230,לבנים,397,31,מושבים (כפרים שיתופיים) (ב),LIVNIM,32.8097591650042,35.4571720728108
3824477.32,3661564.855,1111,1111,1231,פרי גן,138,31,מושבים (כפרים שיתופיים) (ב),PERI GAN,30.9846377187385,34.4451418073337
3820441.05,3657339.728,1112,1112,1232,יבול,148,31,מושבים (כפרים שיתופיים) (ב),YEVUL,30.9488841484561,34.4126781638342
3925021.956,3881131.866,1113,1113,1235,שורשים,234,32,מושבים שיתופיים,SHORASHIM,32.8426423041674,35.2502482437850
3894507.101,3782556.25,1114,1114,1236,נירית,975,37,ישובים קהילתיים,NIRIT,32.0084826338100,35.0066300854470
3825062.272,3658742.029,1115,1115,1237,תלמי יוסף,187,31,מושבים (כפרים שיתופיים) (ב),TALME YOSEF,30.9607505972331,34.4498456489462
3822957.55,3663589.062,1116,1116,1238,סופה,252,33,קיבוצים,SUFA,31.0017668240754,34.4329196202139
3821110.966,3662692.654,1117,1117,1239,חולית,117,33,קיבוצים,HOLIT,30.9941813039382,34.4180670496670
3834885.74,3669354.16,1118,1118,1240,עין הבשור,453,31,מושבים (כפרים שיתופיים) (ב),EN HABESOR,31.0505518356151,34.5288056335081
3823573.946,3658074.546,1119,1119,1241,דקל,99,31,מושבים (כפרים שיתופיים) (ב),DEQEL,30.9551022725730,34.4378769441180
3845090.009,3706668.096,1120,1120,1242,נתיב העשרה,643,31,מושבים (כפרים שיתופיים) (ב),NETIV HAASARA,31.3663072076903,34.6107572143076
3936506.035,3881246.622,1121,1121,1245,סלמה,1700,45,ישובים כפריים אחרים לא יהודים,SALLAMA,32.8436133819544,35.3417673966245
3920803.51,3908250.624,1122,1122,1246,עראמשה,1070,45,ישובים כפריים אחרים לא יהודים,ARAMSHA,33.0721247564483,35.2166078328023
3904173.278,3825367.901,1123,1123,1247,קציר-חריש,3500,18,"2000-9999 תושבים,ישובים יהודים",QAZIR-HARISH,32.3707603874242,35.0838697835300
3897490.811,3477133.998,1124,1124,1248,אליפז,45,33,קיבוצים,ELIFAZ,29.4239598361615,35.0304788808263
3915581.696,3863959.185,1125,1125,1249,הרדוף,322,33,קיבוצים,HARDUF,32.6973248467436,35.1749490870141
3957540.114,3883268.483,1126,1126,1252,כורזים,427,31,מושבים (כפרים שיתופיים) (ב),KORAZIM,32.8607226331341,35.5091579657900
3960001.181,3882569.998,1127,1127,1253,אמנון,377,31,מושבים (כפרים שיתופיים) (ב),AMNUN,32.8548119656448,35.5287234294632
3903725.415,3741287.457,1128,1128,1254,נטף,392,37,ישובים קהילתיים,NATAF,31.6592607439901,35.0802924450357
3913481.494,3891543.769,1129,1129,1256,אשרת,563,37,ישובים קהילתיים,ASHERAT,32.9307491814712,35.1581887723707
3923338.273,3866732.208,1130,1130,1257,חנתון,84,33,קיבוצים,HANNATON,32.7207905292222,35.2368230086617
3943330.851,3874549.279,1131,1131,1258,מסד,349,37,ישובים קהילתיים,MASSAD,32.7869396005780,35.3961130104932
3893751.933,3739406.765,1132,1132,1259,נווה שלום,146,35,ישובים כפריים יהודים אחרים,NEWE SHALOM,31.6433460807687,35.0005930627155
3861637.241,3639603.642,1133,1133,1260,רתמים,205,33,קיבוצים,RETAMIM,30.7987990826704,34.7434996017656
3907504.895,3677526.197,1134,1134,1261,הר עמשא,0,0,ללא סוג,HAR AMASA,31.1197046730074,35.1104770061553
3926099.018,3894770.05,1135,1135,1263,כפר ורדים,5030,18,"2000-9999 תושבים,ישובים יהודים",KEFAR WERADIM,32.9580503928534,35.2588354342803
3883512.792,3688928.985,1136,1136,1265,שומרייה,74,33,קיבוצים,SHOMERIYYA,31.2161965414310,34.9187001491226
3896218.99,3491294.89,1137,1137,1266,שחרות,89,37,ישובים קהילתיים,SHAHARUT,29.5437911479896,35.0203139523860
3889525.704,3675164.004,1138,1138,1268,מיתר,6100,18,"2000-9999 תושבים,ישובים יהודים",METAR,31.0997154830993,34.9668002408177
3875479.382,3680898.512,1139,1139,1271,להבים,4770,18,"2000-9999 תושבים,ישובים יהודים",LEHAVIM,31.1482416326400,34.8543986924942
3930889.646,3888708.536,1140,1140,1272,חלוץ,304,37,ישובים קהילתיים,HALUZ,32.9067570693159,35.2970204528538
3933552.323,3833240.358,1141,1141,1274,גן נר,2400,18,"2000-9999 תושבים,ישובים יהודים",GAN NER,32.4373781424944,35.3182372502501
3935251.649,3873706.352,1142,1142,1275,אבטליון,300,37,ישובים קהילתיים,AVTALYON,32.7798066383532,35.3317753191629
3900235.328,3508436.069,1143,1143,1279,נווה חריף,45,33,קיבוצים,NEWE HARIF,29.6888420320557,35.0524104331667
3829128.878,3620331.132,1144,1144,1280,ניצני סיני,184,31,מושבים (כפרים שיתופיים) (ב),NIZZANE SINAY,30.6357125932657,34.4825405231454
3951394.423,3821463.682,1145,1145,1283,תל תאומים,359,37,ישובים קהילתיים,TEL TE'OMIM,32.3377223793814,35.4602815686675
3912457.424,3863379.489,1146,1146,1284,נופית,1910,37,ישובים קהילתיים,NOFIT,32.6924193877341,35.1500152600081
3963857.231,3886017.071,1147,1147,1285,כרכום,613,37,ישובים קהילתיים,KARKOM,32.8839815488719,35.5593706334566
3878268.927,3658443.297,1148,1148,1286,שגב-שלום,5270,28,"2000-9999 תושבים,ישובים לא יהודים",SEGEV-SHALOM,30.9582226892654,34.8767319035307
3923354.38,3858428.058,1149,1149,1288,גבעת אלה,1700,37,ישובים קהילתיים,GIV'AT ELA,32.6505197317182,35.2369514561012
3900231.988,3811171.55,1150,1150,1290,זמר,4770,28,"2000-9999 תושבים,ישובים לא יהודים",ZEMER,32.2506290180608,35.0523837502273
3832902.663,3621147.567,1151,1151,1291,כמהין,165,31,מושבים (כפרים שיתופיים) (ב),KEMEHIN,30.6426213727136,34.5128711375165
3944965.215,3865459.42,1152,1152,1293,גבעת אבני,1870,37,ישובים קהילתיים,GIV'AT AVNI,32.7100200316833,35.4091226129629
3945886.107,3895969.207,1153,1153,1294,אור הגנוז,296,37,ישובים קהילתיים,OR HAGANUZ,32.9681978141493,35.4164521445460
3923237.724,3892667.983,1154,1154,1295,יאנוח-ג'ת,4790,28,"2000-9999 תושבים,ישובים לא יהודים",YANUH-JAT,32.9402624294308,35.2360212026600
3930014.562,3891281.081,1155,1155,1296,כסרא-סמיע,6070,28,"2000-9999 תושבים,ישובים לא יהודים",KISRA-SUMEI,32.9285262826241,35.2900465269100
3943324.682,3884096.94,1156,1156,1297,כפר חנניה,222,37,ישובים קהילתיים,KEFAR HANANYA,32.8677331479093,35.3960639068400
3888902.864,3671577.743,1157,1157,1303,חורה,7570,28,"2000-9999 תושבים,ישובים לא יהודים",HURA,31.0693680832008,34.9618189939400
3890099.238,3763050.811,1158,1158,1304,שוהם,15600,17,"10000-19999 תושבים,ישובים יהודים",SHOHAM,31.8434250716004,34.9713869152227
3890031.397,3801142.378,1159,1159,1308,צורן,5660,18,"2000-9999 תושבים,ישובים יהודים",ZORAN,32.1657608628684,34.9708443909331
3891392.191,3769963.952,1160,1160,1309,אלעד,15100,17,"10000-19999 תושבים,ישובים יהודים",EL'AD,31.9019249619600,34.9817261286233
3899786.247,3752472.461,1161,1161,1310,לפיד,2110,18,"2000-9999 תושבים,ישובים יהודים",LAPPID,31.7539097010814,35.0488221617880
3957024.07,3859661.63,1162,1162,1313,פורייה עילית,529,35,ישובים כפריים יהודים אחרים,PORIYYA ILLIT,32.6609583806105,35.5050548899221
3893172.76,3784145.63,1163,1163,1315,מתן,2670,18,"2000-9999 תושבים,ישובים יהודים",MATTAN,32.0219321701524,34.9959627299937
3910092.426,3828820.543,1164,1164,1316,אל -עריאן,263,45,ישובים כפריים אחרים לא יהודים,AL-ARYAN,32.3999770939262,35.1311365146636
3897676.771,3807158.62,1165,1165,1319,בת חפר,4610,18,"2000-9999 תושבים,ישובים יהודים",BAT HEFER,32.2166710838154,35.0319650511812
3896166.356,3854438.105,1166,1166,1320,עין חוד,0,0,ללא סוג,EIN HOD,32.6167562314962,35.0198932602870
3875724.88,3791414.005,1167,1167,1324,ארסוף,104,35,ישובים כפריים יהודים אחרים,ARSUF,32.0834381058022,34.8563643700322
3933767.027,3848075.832,1168,1168,1330,אחוזת ברק,1040,37,ישובים קהילתיים,AHUZZAT BARAQ,32.5629178519719,35.3199478509558
3934872.293,3883272.159,1169,1169,1331,כמאנה,888,45,ישובים כפריים אחרים לא יהודים,KAMANE,32.8607537455101,35.3287532638310
3931872.899,3882118.423,1170,1170,1332,חוסנייה,476,45,ישובים כפריים אחרים לא יהודים,HUSSNIYYA,32.8509906769681,35.3048557910011
3937642.867,3883868.545,1171,1171,1334,ראס אל-עין,245,45,ישובים כפריים אחרים לא יהודים,RAS AL-EIN,32.8658004401943,35.3508221390987
3923565.964,3859905.797,1172,1172,1337,שמשית,1430,37,ישובים קהילתיים,SHIMSHIT,32.6630245508690,35.2386386749891
3874355.386,3726724.376,1173,1173,1339,אל -עזי,79,45,ישובים כפריים אחרים לא יהודים,AL-AZY,31.5360260574455,34.8453984431621
3926869.185,3892301.446,1174,1174,1722,מגדל תפן,0,0,ללא סוג, ,32.9371607417927,35.2649753205117
3892049.996,3803647.096,1175,1175,2002,תנובות,635,31,מושבים (כפרים שיתופיים) (ב),TENUVOT,32.1869561148800,34.9869858810802
3893663.361,3821932.951,1176,1176,2003,תלמי אלעזר,652,31,מושבים (כפרים שיתופיים) (ב),TALME EL'AZAR,32.3416933890037,34.9998849648718
3895578.438,3816381.011,1177,1177,2008,שדה יצחק,494,31,מושבים (כפרים שיתופיים) (ב),SEDE YIZHAQ,32.2947121579817,35.0151939781723
3962729.495,3927831.337,1178,1178,2009,יובל,345,31,מושבים (כפרים שיתופיים) (ב),YUVAL,33.2378192955452,35.5504086465786
3890422.828,3744923.355,1179,1179,2010,כפר בן נון,368,31,מושבים (כפרים שיתופיים) (ב),KEFAR BIN NUN,31.6900281816603,34.9739746404665
3871920.699,3729536.846,1180,1180,2011,ינון,833,31,מושבים (כפרים שיתופיים) (ב),YINNON,31.5598255387743,34.8259000452293
3866707.458,3729553.839,1181,1181,2012,אורות,420,31,מושבים (כפרים שיתופיים) (ב),OROT,31.5599693407699,34.7841357931693
3850647.612,3684355.968,1182,1182,2014,גבעולים,260,31,מושבים (כפרים שיתופיים) (ב),GIV'OLIM,31.1774990787843,34.6553612095733
3890017.561,3784371.571,1183,1183,2015,שדי חמד,569,31,מושבים (כפרים שיתופיים) (ב),SEDE HEMED,32.0238441164650,34.9707337420502
3948689.923,3822243.501,1184,1184,2016,רוויה,210,31,מושבים (כפרים שיתופיים) (ב),REWAYA,32.3443213043663,35.4387645920976
3888743.497,3815857.938,1185,1185,2018,גבעת חיים (איחוד),801,33,קיבוצים,GIV'AT HAYYIM (IHUD),32.2902858402524,34.9605443993999
3881654.794,3682084.507,1186,1186,2023,להב,398,33,קיבוצים,LAHAV,31.1582776788356,34.9038321717066
3902450.4,3825112.845,1187,1187,2024,אום אל-קוטוף,744,45,ישובים כפריים אחרים לא יהודים,UMM AL-QUTUF,32.3686020671663,35.0701074253040
3958957.553,3837740.963,1188,1188,2026,ירדנה,439,31,מושבים (כפרים שיתופיים) (ב),YARDENA,32.4754628486858,35.5204271028422
3913821.001,3841658.162,1189,1189,2029,מדרך עוז,484,31,מושבים (כפרים שיתופיים) (ב),MIDRAKH OZ,32.5086106955395,35.1608983546646
3871355.194,3718360.351,1190,1190,2030,מנוחה,354,31,מושבים (כפרים שיתופיים) (ב),MENUHA,31.4652485887699,34.8213705677388
3925436.424,3876283.259,1191,1191,1228,רקפת,571,37,ישובים קהילתיים,RAQQEFET,32.8016127617400,35.2535528059200
3888951.783,3699422.389,1192,1192,1233,שקף,214,31,מושבים (כפרים שיתופיים) (ב),SHEQEF,31.3049930900451,34.9622102437471
3921273.17,3856033.163,1193,1193,1244,תמרת,1690,37,ישובים קהילתיים,TIMRAT,32.6302538215630,35.2203537878484
3905970.37,3501837.897,1194,1194,1255,לוטן,135,33,קיבוצים,LOTAN,29.6330074418307,35.0982227993586
3887334.118,3743373.67,1195,1195,1264,כרמי יוסף,1870,35,ישובים כפריים יהודים אחרים,KARME YOSEF,31.6769145442904,34.9492715728512
3943138.216,3822899.091,1196,1196,1282,מירב,312,33,קיבוצים,MERAV,32.3498689907873,35.3945795129940
3911684.062,3885684.389,1197,1197,1292,ג'דיידה-מכר,16300,27,"10000-19999 תושבים,ישובים לא יהודים",JUDEIDE-MAKER,32.8811663489713,35.1438422653600
3916478.159,3898901.304,1198,1198,1314,נווה זיו,227,37,ישובים קהילתיים,NEWE ZIV,32.9930095998399,35.1821022474450
3895025.939,3746205.883,1199,1199,1333,נוף איילון,2130,18,"2000-9999 תושבים,ישובים יהודים",NOF AYYALON,31.7008811037976,35.0107775927855
3887477.424,3757040.598,1200,1200,2013,בן שמן (מושב),550,31,מושבים (כפרים שיתופיים) (ב),BEN SHEMEN (MOSHAV),31.7925658698779,34.9504178572746
3875229.486,3736064.215,1201,1201,2033,בית חלקיה,382,31,מושבים (כפרים שיתופיים) (ב),BET HILQIYYA,31.6150609844573,34.8523977583807
3956803.525,3892997.281,1202,1202,2034,חצור הגלילית,8550,18,"2000-9999 תושבים,ישובים יהודים",HAZOR HAGELILIT,32.9430489884835,35.5033012723088
3886055.471,3781615.781,1203,1203,2035,עדנים,393,31,מושבים (כפרים שיתופיים) (ב),ADANIM,32.0005242571622,34.9390432336754
3890965.973,3765036.088,1204,1204,2038,ברקת,1080,31,מושבים (כפרים שיתופיים) (ב),BAREQET,31.8602247420394,34.9783179629128
3907652.139,3738263.685,1205,1205,2039,קריית יערים (מוסד),253,34,ישובים מוסדיים יהודים,QIRYAT YE'ARIM(INSTITUTE),31.6336731898185,35.1116527561200
3939657.152,3692339.381,1206,1206,2042,עין גדי,603,33,קיבוצים,EN GEDI,31.2450557556134,35.3668635336214
3898273.355,3809363.752,1207,1207,2043,בחן,263,33,קיבוצים,BAHAN,32.2353312004319,35.0367327434883
3851192.89,3683375.803,1208,1208,2044,מלילות,268,31,מושבים (כפרים שיתופיים) (ב),MELILOT,31.1692047961423,34.6597363532573
3873346.966,3718615.778,1209,1209,2045,נחלה,379,31,מושבים (כפרים שיתופיים) (ב),NAHALA,31.4674100432847,34.8373229141318
3871699.218,3720138.049,1210,1210,2046,סגולה,310,31,מושבים (כפרים שיתופיים) (ב),SEGULLA,31.4802917030911,34.8241260956100
3855155.195,3694905.711,1211,1211,2047,ניר משה,308,31,מושבים (כפרים שיתופיים) (ב),NIR MOSHE,31.2667723787420,34.6915225957448
3856853.654,3693930.231,1212,1212,2048,ניר עקיבא,250,31,מושבים (כפרים שיתופיים) (ב),NIR AQIVA,31.2585177371341,34.7051446398092
3864102.579,3691270.658,1213,1213,2049,שדה צבי,232,31,מושבים (כפרים שיתופיים) (ב),SEDE ZEVI,31.2360120886415,34.7632606958694
3856775.684,3689770.759,1214,1214,2050,"תלמי ביל""ו",312,31,מושבים (כפרים שיתופיים) (ב),TALME BILU,31.2233197468881,34.7045193454177
3866619.737,3717383.249,1215,1215,2051,רווחה,425,31,מושבים (כפרים שיתופיים) (ב),REWAHA,31.4569802247267,34.7834328835700
3930378.683,3836701.993,1216,1216,2052,אביטל,423,31,מושבים (כפרים שיתופיים) (ב),AVITAL,32.4666709462200,35.2929484279600
3930733.847,3835157.443,1217,1217,2053,פרזון,318,31,מושבים (כפרים שיתופיים) (ב),PERAZON,32.4536007633674,35.2957788560716
3929627.711,3835182.069,1218,1218,2054,מיטב,323,31,מושבים (כפרים שיתופיים) (ב),METAV,32.4538091479517,35.2869633796068
3896699.241,3818755.924,1219,1219,2055,מאור,670,31,מושבים (כפרים שיתופיים) (ב),MA'OR,32.3148089779368,35.0241524508265
3950280.371,3821073.037,1220,1220,2057,שדי תרומות,420,31,מושבים (כפרים שיתופיים) (ב),SEDE TERUMOT,32.3344166926139,35.4514187925875
3862037.626,3690062.112,1221,1221,2059,"פעמי תש""ז",309,31,מושבים (כפרים שיתופיים) (ב),PA'AME TASHAZ,31.2257852074800,34.7467092008341
3855199.619,3680968.141,1222,1222,2060,ברוש,207,31,מושבים (כפרים שיתופיים) (ב),BEROSH,31.1488308443157,34.6918789122177
3854665.974,3681975.211,1223,1223,2061,תדהר,204,31,מושבים (כפרים שיתופיים) (ב),TIDHAR,31.1573528012804,34.6875985659106
3856523.602,3681093.423,1224,1224,2062,תאשור,294,31,מושבים (כפרים שיתופיים) (ב),TE'ASHUR,31.1498910048049,34.7024976961660
3953939.346,3906220.053,1225,1225,2063,דישון,384,31,מושבים (כפרים שיתופיים) (ב),DISHON,33.0549418073400,35.4805243746169
3854373.078,3692440.919,1226,1226,2064,זרועה,226,31,מושבים (כפרים שיתופיים) (ב),ZERU'A,31.2459149849677,34.6852491731606
3892529.485,3864452.311,1227,1227,2100,טירת כרמל,18700,17,"10000-19999 תושבים,ישובים יהודים",TIRAT KARMEL,32.7014977391943,34.9908196496156
3899234.485,3641485.101,1228,1228,2200,דימונה,33700,16,"20000-49999 תושבים,ישובים יהודים",DIMONA,30.8147202341928,35.0444132462134
3910064.55,3857388.714,1229,1229,2300,קריית טבעון,13300,17,"10000-19999 תושבים,ישובים יהודים",QIRYAT TIV'ON,32.6417246713800,35.1309139681537
3880130.976,3766906.901,1230,1230,2400,אור יהודה,28600,16,"20000-49999 תושבים,ישובים יהודים",OR YEHUDA,31.8760558015717,34.8916365910651
3901036.948,3865062.124,1231,1231,2500,נשר,20900,16,"20000-49999 תושבים,ישובים יהודים",NESHER,32.7066580568021,35.0588152471290
3878444.568,3755956.199,1232,1232,2530,באר יעקב,8320,18,"2000-9999 תושבים,ישובים יהודים",BE'ER YA'AQOV,31.7833895442745,34.8781379179788
3871636.331,3738549.631,1233,1233,2550,גדרה,11700,17,"10000-19999 תושבים,ישובים יהודים",GEDERA,31.6360929038429,34.8236223964700
3919874.965,3666052.974,1234,1234,2560,ערד,24500,16,"20000-49999 תושבים,ישובים יהודים",ARAD,31.0226167672835,35.2092014244035
3889480.128,3446315.339,1235,1235,2600,אילת,42100,16,"20000-49999 תושבים,ישובים יהודים",ELAT,29.1631683382515,34.9664357464812
3895146.641,3729916.174,1236,1236,2610,בית שמש,53400,15,"50000-99999 תושבים,ישובים יהודים",BET SHEMESH,31.5630354622120,35.0117424394818
3880447.507,3771031.462,1237,1237,2620,קריית אונו,23900,16,"20000-49999 תושבים,ישובים יהודים",QIRYAT ONO,31.9109583731513,34.8941700172333
3871066.788,3711519.411,1238,1238,2630,קריית גת,48200,16,"20000-49999 תושבים,ישובים יהודים",QIRYAT GAT,31.4073596633990,34.8190604717115
3891536.365,3776059.813,1239,1239,2640,ראש העין,35200,16,"20000-49999 תושבים,ישובים יהודים",ROSH HAAYIN,31.9535089391325,34.9828789584677
3878456.417,3781192.201,1240,1240,2650,רמת השרון,35600,16,"20000-49999 תושבים,ישובים יהודים",RAMAT HASHARON,31.9969398703443,34.8782327651993
